name,email,image,phone_number
Guss Ambrose,gambrose0@nyu.edu,http://dummyimage.com/134x100.png/cc0000/ffffff,966-815-2270
Ilyssa Scollick,iscollick1@exblog.jp,http://dummyimage.com/176x100.png/5fa2dd/ffffff,319-711-3165
Alina McPhilip,amcphilip2@elpais.com,http://dummyimage.com/223x100.png/cc0000/ffffff,233-403-4418
Evangelin Colthurst,ecolthurst3@netvibes.com,http://dummyimage.com/206x100.png/dddddd/000000,880-782-7558
Lettie McConway,lmcconway4@joomla.org,http://dummyimage.com/127x100.png/dddddd/000000,573-790-9433
Jenda Boatwright,jboatwright5@nationalgeographic.com,http://dummyimage.com/166x100.png/cc0000/ffffff,277-729-9079
Tamqrah McColl,tmccoll6@flickr.com,http://dummyimage.com/220x100.png/5fa2dd/ffffff,267-868-1793
Jason Castletine,jcastletine7@nih.gov,http://dummyimage.com/226x100.png/ff4444/ffffff,219-691-1820
Francoise Emanulsson,femanulsson8@ovh.net,http://dummyimage.com/249x100.png/dddddd/000000,780-284-0446
Gabriela Stanborough,gstanborough9@nytimes.com,http://dummyimage.com/131x100.png/cc0000/ffffff,374-601-8076
Patrice Brigshaw,pbrigshawa@cisco.com,http://dummyimage.com/179x100.png/ff4444/ffffff,408-152-3564
Allyn Husher,ahusherb@github.io,http://dummyimage.com/143x100.png/5fa2dd/ffffff,824-179-7993
Marissa Mintoff,mmintoffc@booking.com,http://dummyimage.com/248x100.png/5fa2dd/ffffff,235-895-8456
Thorin Bellelli,tbellellid@aboutads.info,http://dummyimage.com/221x100.png/dddddd/000000,917-738-9496
Rafael Brabyn,rbrabyne@bbb.org,http://dummyimage.com/232x100.png/dddddd/000000,965-554-0451
Dareen Disbrey,ddisbreyf@alexa.com,http://dummyimage.com/118x100.png/5fa2dd/ffffff,723-637-2768
Birch Arnison,barnisong@amazon.co.jp,http://dummyimage.com/233x100.png/cc0000/ffffff,538-540-2809
Stephine Zaple,szapleh@usda.gov,http://dummyimage.com/223x100.png/ff4444/ffffff,811-290-0630
Brod Fulcher,bfulcheri@github.io,http://dummyimage.com/235x100.png/dddddd/000000,354-428-4524
Reeva Marsie,rmarsiej@java.com,http://dummyimage.com/192x100.png/5fa2dd/ffffff,468-973-4601
Eugenio Mewhirter,emewhirterk@techcrunch.com,http://dummyimage.com/114x100.png/cc0000/ffffff,817-252-6223
Ellyn Painter,epainterl@newyorker.com,http://dummyimage.com/212x100.png/cc0000/ffffff,966-980-7862
Donall Callacher,dcallacherm@github.io,http://dummyimage.com/201x100.png/5fa2dd/ffffff,924-902-6401
Teddy Horbart,thorbartn@huffingtonpost.com,http://dummyimage.com/157x100.png/ff4444/ffffff,581-877-3721
Douglass McGrale,dmcgraleo@cbc.ca,http://dummyimage.com/202x100.png/cc0000/ffffff,643-904-1892
Nickolaus Bird,nbirdp@examiner.com,http://dummyimage.com/138x100.png/cc0000/ffffff,198-600-1352
Broddy Cobelli,bcobelliq@vistaprint.com,http://dummyimage.com/156x100.png/cc0000/ffffff,118-612-1323
Lezley Rieme,lriemer@vistaprint.com,http://dummyimage.com/124x100.png/dddddd/000000,193-513-7207
Martino Nussgen,mnussgens@unicef.org,http://dummyimage.com/185x100.png/ff4444/ffffff,411-745-7338
Thorpe Downing,tdowningt@wunderground.com,http://dummyimage.com/118x100.png/dddddd/000000,976-816-0041
Christie Pithie,cpithieu@skype.com,http://dummyimage.com/219x100.png/cc0000/ffffff,267-754-9204
Rollo Bruck,rbruckv@dailymail.co.uk,http://dummyimage.com/229x100.png/5fa2dd/ffffff,708-877-1267
Gail Dwyer,gdwyerw@blog.com,http://dummyimage.com/176x100.png/ff4444/ffffff,498-194-2038
Alair Stebbins,astebbinsx@meetup.com,http://dummyimage.com/141x100.png/dddddd/000000,857-297-1522
Kaila Tewnion,ktewniony@ameblo.jp,http://dummyimage.com/118x100.png/5fa2dd/ffffff,184-865-7370
Fedora Pahlsson,fpahlssonz@archive.org,http://dummyimage.com/188x100.png/dddddd/000000,861-136-4728
Natty Dubois,ndubois10@apache.org,http://dummyimage.com/104x100.png/5fa2dd/ffffff,891-970-7607
Tarrah Quogan,tquogan11@istockphoto.com,http://dummyimage.com/189x100.png/cc0000/ffffff,549-151-6722
Ty Kupec,tkupec12@dell.com,http://dummyimage.com/172x100.png/cc0000/ffffff,678-491-5300
Ardella Huckel,ahuckel13@wikia.com,http://dummyimage.com/227x100.png/5fa2dd/ffffff,735-194-4689
Maryellen Bossel,mbossel14@php.net,http://dummyimage.com/152x100.png/5fa2dd/ffffff,463-236-4855
Trent Hebard,thebard15@mozilla.org,http://dummyimage.com/201x100.png/cc0000/ffffff,525-779-7415
Gail Larter,glarter16@salon.com,http://dummyimage.com/181x100.png/ff4444/ffffff,578-415-3530
Norrie Rittelmeyer,nrittelmeyer17@gizmodo.com,http://dummyimage.com/128x100.png/dddddd/000000,734-859-3247
Aretha Bengal,abengal18@chron.com,http://dummyimage.com/230x100.png/ff4444/ffffff,895-197-4863
Sherwood Durand,sdurand19@oakley.com,http://dummyimage.com/189x100.png/dddddd/000000,984-376-7911
Isobel Mucillo,imucillo1a@godaddy.com,http://dummyimage.com/157x100.png/cc0000/ffffff,848-574-9839
Chris Edy,cedy1b@people.com.cn,http://dummyimage.com/178x100.png/5fa2dd/ffffff,124-314-9983
Sheffie Worham,sworham1c@jalbum.net,http://dummyimage.com/128x100.png/cc0000/ffffff,406-918-3956
Pammi Hamments,phamments1d@skyrock.com,http://dummyimage.com/210x100.png/ff4444/ffffff,497-423-7732
Bowie Verchambre,bverchambre1e@elpais.com,http://dummyimage.com/249x100.png/cc0000/ffffff,748-672-7539
Mindy Perfect,mperfect1f@amazonaws.com,http://dummyimage.com/206x100.png/5fa2dd/ffffff,235-213-0080
Melany Hanton,mhanton1g@tmall.com,http://dummyimage.com/167x100.png/cc0000/ffffff,637-691-1318
Auroora Siddaley,asiddaley1h@newsvine.com,http://dummyimage.com/228x100.png/5fa2dd/ffffff,350-892-5496
Ashleigh Nitto,anitto1i@addtoany.com,http://dummyimage.com/165x100.png/dddddd/000000,170-285-9055
Gaby Guyer,gguyer1j@fastcompany.com,http://dummyimage.com/227x100.png/dddddd/000000,864-968-0576
Jermain Scurfield,jscurfield1k@psu.edu,http://dummyimage.com/217x100.png/cc0000/ffffff,309-873-4751
Ian Jeyes,ijeyes1l@nature.com,http://dummyimage.com/150x100.png/cc0000/ffffff,352-884-9117
Nicol Anscott,nanscott1m@statcounter.com,http://dummyimage.com/221x100.png/cc0000/ffffff,884-870-5883
Arlana Bagniuk,abagniuk1n@imageshack.us,http://dummyimage.com/218x100.png/dddddd/000000,947-764-9338
Moina Dorant,mdorant1o@miibeian.gov.cn,http://dummyimage.com/204x100.png/ff4444/ffffff,322-962-4310
Giovanna Stanes,gstanes1p@apple.com,http://dummyimage.com/220x100.png/5fa2dd/ffffff,765-102-2961
Corrie Scotchmur,cscotchmur1q@senate.gov,http://dummyimage.com/239x100.png/5fa2dd/ffffff,974-399-6300
Britni Stanford,bstanford1r@yandex.ru,http://dummyimage.com/171x100.png/ff4444/ffffff,639-197-4197
Paola McLeod,pmcleod1s@tripadvisor.com,http://dummyimage.com/103x100.png/cc0000/ffffff,529-793-9858
Ebony Hendrikse,ehendrikse1t@fda.gov,http://dummyimage.com/193x100.png/dddddd/000000,378-337-0424
Myra Gurry,mgurry1u@photobucket.com,http://dummyimage.com/219x100.png/dddddd/000000,537-571-0683
Tristan Gullivent,tgullivent1v@mozilla.org,http://dummyimage.com/115x100.png/5fa2dd/ffffff,239-968-5961
Inga Disley,idisley1w@salon.com,http://dummyimage.com/244x100.png/5fa2dd/ffffff,446-494-8738
Demeter Wint,dwint1x@domainmarket.com,http://dummyimage.com/161x100.png/5fa2dd/ffffff,717-591-3385
Wain Spurritt,wspurritt1y@linkedin.com,http://dummyimage.com/215x100.png/cc0000/ffffff,580-599-3035
Tiffanie Santer,tsanter1z@ox.ac.uk,http://dummyimage.com/105x100.png/cc0000/ffffff,692-455-3277
Cristie Rignoldes,crignoldes20@mozilla.org,http://dummyimage.com/104x100.png/dddddd/000000,283-987-5268
Allx Elegood,aelegood21@stanford.edu,http://dummyimage.com/120x100.png/5fa2dd/ffffff,951-543-1561
Vyky Feldhammer,vfeldhammer22@vk.com,http://dummyimage.com/105x100.png/cc0000/ffffff,947-378-1915
Jozef Iglesia,jiglesia23@topsy.com,http://dummyimage.com/133x100.png/5fa2dd/ffffff,472-570-2276
Brocky Lardeux,blardeux24@oracle.com,http://dummyimage.com/104x100.png/ff4444/ffffff,730-901-9106
Dean Lowle,dlowle25@tmall.com,http://dummyimage.com/140x100.png/dddddd/000000,162-314-8670
Luisa Kinneally,lkinneally26@constantcontact.com,http://dummyimage.com/248x100.png/5fa2dd/ffffff,434-939-7059
Dana Covolini,dcovolini27@tumblr.com,http://dummyimage.com/123x100.png/5fa2dd/ffffff,966-547-0866
Boone Drane,bdrane28@goodreads.com,http://dummyimage.com/167x100.png/5fa2dd/ffffff,630-877-0208
Ameline Laxen,alaxen29@4shared.com,http://dummyimage.com/146x100.png/ff4444/ffffff,407-153-6889
Josephine McKeller,jmckeller2a@gov.uk,http://dummyimage.com/238x100.png/5fa2dd/ffffff,642-233-9270
Myrtie Nuss,mnuss2b@sohu.com,http://dummyimage.com/127x100.png/ff4444/ffffff,611-935-3230
Charles Mellmer,cmellmer2c@oakley.com,http://dummyimage.com/222x100.png/cc0000/ffffff,263-436-5629
Ravi Weall,rweall2d@paginegialle.it,http://dummyimage.com/194x100.png/dddddd/000000,359-422-7005
Giana Rosenthaler,grosenthaler2e@nih.gov,http://dummyimage.com/137x100.png/5fa2dd/ffffff,890-198-1756
Dieter Bundey,dbundey2f@upenn.edu,http://dummyimage.com/192x100.png/dddddd/000000,251-158-7222
Alika Fancott,afancott2g@ft.com,http://dummyimage.com/230x100.png/dddddd/000000,469-249-1978
Margarethe Lindback,mlindback2h@parallels.com,http://dummyimage.com/134x100.png/cc0000/ffffff,639-630-6642
Hollis Cleaton,hcleaton2i@cbsnews.com,http://dummyimage.com/124x100.png/cc0000/ffffff,815-493-0539
Mitzi Bygreaves,mbygreaves2j@reddit.com,http://dummyimage.com/240x100.png/ff4444/ffffff,106-695-8208
Jermaine Pearse,jpearse2k@xrea.com,http://dummyimage.com/250x100.png/dddddd/000000,181-912-6665
Alfy Sawle,asawle2l@sitemeter.com,http://dummyimage.com/244x100.png/5fa2dd/ffffff,474-391-6338
Michelle Barney,mbarney2m@ebay.co.uk,http://dummyimage.com/178x100.png/cc0000/ffffff,323-272-3317
Hastings Nudd,hnudd2n@wisc.edu,http://dummyimage.com/120x100.png/cc0000/ffffff,455-926-0068
Ethelbert Wimpress,ewimpress2o@vinaora.com,http://dummyimage.com/211x100.png/ff4444/ffffff,494-894-2122
Ellyn Hardin,ehardin2p@istockphoto.com,http://dummyimage.com/165x100.png/5fa2dd/ffffff,827-523-2735
Cindra Daine,cdaine2q@soundcloud.com,http://dummyimage.com/195x100.png/cc0000/ffffff,423-784-9387
Darrel Pover,dpover2r@constantcontact.com,http://dummyimage.com/173x100.png/cc0000/ffffff,147-938-5320
Livia Roches,lroches2s@nyu.edu,http://dummyimage.com/121x100.png/dddddd/000000,526-277-5206
Matias Christopherson,mchristopherson2t@seattletimes.com,http://dummyimage.com/154x100.png/dddddd/000000,973-778-8598
Brit Welberry,bwelberry2u@nifty.com,http://dummyimage.com/118x100.png/dddddd/000000,766-320-0749
Glad Waddie,gwaddie2v@blinklist.com,http://dummyimage.com/162x100.png/5fa2dd/ffffff,687-982-7023
Cristobal Jouannin,cjouannin2w@dagondesign.com,http://dummyimage.com/123x100.png/cc0000/ffffff,972-749-8426
Gabriel Glowacha,gglowacha2x@elegantthemes.com,http://dummyimage.com/248x100.png/5fa2dd/ffffff,957-931-3767
Sydney Schneider,sschneider2y@hibu.com,http://dummyimage.com/194x100.png/ff4444/ffffff,665-903-2666
Roberto Cawtheray,rcawtheray2z@unblog.fr,http://dummyimage.com/140x100.png/dddddd/000000,162-305-1891
Krispin Calam,kcalam30@ning.com,http://dummyimage.com/158x100.png/dddddd/000000,845-262-6284
Avictor Keasley,akeasley31@state.tx.us,http://dummyimage.com/148x100.png/ff4444/ffffff,177-918-9967
Justen Kidwell,jkidwell32@edublogs.org,http://dummyimage.com/126x100.png/cc0000/ffffff,615-624-9189
Julina Remmer,jremmer33@jimdo.com,http://dummyimage.com/179x100.png/cc0000/ffffff,592-176-2148
Elvin Older,eolder34@constantcontact.com,http://dummyimage.com/199x100.png/cc0000/ffffff,471-211-3788
Trudi Stubbins,tstubbins35@feedburner.com,http://dummyimage.com/246x100.png/5fa2dd/ffffff,936-557-8285
Terza Staines,tstaines36@huffingtonpost.com,http://dummyimage.com/155x100.png/5fa2dd/ffffff,472-505-6409
Antonietta Isherwood,aisherwood37@unc.edu,http://dummyimage.com/235x100.png/5fa2dd/ffffff,595-216-5604
Michaeline MacFadyen,mmacfadyen38@ameblo.jp,http://dummyimage.com/219x100.png/cc0000/ffffff,256-415-9291
Clarisse Mechem,cmechem39@apple.com,http://dummyimage.com/243x100.png/5fa2dd/ffffff,503-831-9812
Bernetta Davidovic,bdavidovic3a@trellian.com,http://dummyimage.com/206x100.png/5fa2dd/ffffff,491-421-5306
Jerrie Prettyman,jprettyman3b@cornell.edu,http://dummyimage.com/227x100.png/ff4444/ffffff,883-994-0785
Sven Lokier,slokier3c@goo.ne.jp,http://dummyimage.com/112x100.png/ff4444/ffffff,714-546-5652
Helli Kobierzycki,hkobierzycki3d@livejournal.com,http://dummyimage.com/144x100.png/ff4444/ffffff,234-985-7408
Annette Firidolfi,afiridolfi3e@addtoany.com,http://dummyimage.com/113x100.png/cc0000/ffffff,930-753-0535
Murry Kinig,mkinig3f@ox.ac.uk,http://dummyimage.com/119x100.png/cc0000/ffffff,463-473-4933
Gusta Pettendrich,gpettendrich3g@cpanel.net,http://dummyimage.com/141x100.png/dddddd/000000,311-512-3679
Faustine Thurlby,fthurlby3h@devhub.com,http://dummyimage.com/111x100.png/ff4444/ffffff,953-868-3281
Jakie Moncreif,jmoncreif3i@edublogs.org,http://dummyimage.com/112x100.png/ff4444/ffffff,456-488-3303
Olenolin McQuarrie,omcquarrie3j@geocities.com,http://dummyimage.com/219x100.png/dddddd/000000,654-581-4562
Terence Glasscoo,tglasscoo3k@i2i.jp,http://dummyimage.com/186x100.png/ff4444/ffffff,844-456-1124
Gabey Armatage,garmatage3l@gravatar.com,http://dummyimage.com/147x100.png/cc0000/ffffff,586-142-0093
Raquel Cunniff,rcunniff3m@usnews.com,http://dummyimage.com/130x100.png/ff4444/ffffff,886-550-1762
Sherill MacGillreich,smacgillreich3n@theguardian.com,http://dummyimage.com/203x100.png/cc0000/ffffff,859-180-5833
Kaylee Dahlborg,kdahlborg3o@nationalgeographic.com,http://dummyimage.com/131x100.png/cc0000/ffffff,288-199-1070
Randie Pien,rpien3p@businessweek.com,http://dummyimage.com/210x100.png/dddddd/000000,494-136-6276
Georgeanna Nend,gnend3q@nationalgeographic.com,http://dummyimage.com/179x100.png/cc0000/ffffff,179-979-0551
Bertine Wigglesworth,bwigglesworth3r@google.it,http://dummyimage.com/197x100.png/cc0000/ffffff,762-700-5965
Jackson Stanyard,jstanyard3s@discovery.com,http://dummyimage.com/191x100.png/dddddd/000000,654-708-4425
Reginald Ashcroft,rashcroft3t@github.com,http://dummyimage.com/127x100.png/5fa2dd/ffffff,160-434-4523
Shandeigh Jessup,sjessup3u@java.com,http://dummyimage.com/176x100.png/cc0000/ffffff,719-979-3937
Maggie Ullyott,mullyott3v@gov.uk,http://dummyimage.com/206x100.png/dddddd/000000,966-290-3607
Brien Rickford,brickford3w@samsung.com,http://dummyimage.com/135x100.png/dddddd/000000,930-158-8734
Rudolf Egan,regan3x@networksolutions.com,http://dummyimage.com/171x100.png/dddddd/000000,171-842-4668
Lara Kays,lkays3y@sciencedirect.com,http://dummyimage.com/115x100.png/cc0000/ffffff,211-646-1243
Jackson Trustie,jtrustie3z@nih.gov,http://dummyimage.com/132x100.png/dddddd/000000,830-837-7821
Danit Willows,dwillows40@so-net.ne.jp,http://dummyimage.com/189x100.png/dddddd/000000,872-516-6202
Norris Hartrick,nhartrick41@de.vu,http://dummyimage.com/124x100.png/dddddd/000000,988-630-2495
Lonnie De Fries,lde42@marriott.com,http://dummyimage.com/175x100.png/cc0000/ffffff,701-706-7660
Denis Redsell,dredsell43@clickbank.net,http://dummyimage.com/249x100.png/dddddd/000000,749-212-8386
Shir Pindred,spindred44@statcounter.com,http://dummyimage.com/152x100.png/cc0000/ffffff,726-261-7842
Birgit Miner,bminer45@jalbum.net,http://dummyimage.com/158x100.png/5fa2dd/ffffff,406-230-3770
Ricard Leyband,rleyband46@diigo.com,http://dummyimage.com/170x100.png/cc0000/ffffff,121-137-0039
Christalle Sima,csima47@dailymotion.com,http://dummyimage.com/232x100.png/ff4444/ffffff,215-512-3880
Page Astell,pastell48@free.fr,http://dummyimage.com/114x100.png/5fa2dd/ffffff,116-781-9947
Saba McGarry,smcgarry49@wikimedia.org,http://dummyimage.com/153x100.png/ff4444/ffffff,929-296-1708
Cari Mc Pake,cmc4a@netscape.com,http://dummyimage.com/233x100.png/ff4444/ffffff,644-598-9835
Sibley Heninghem,sheninghem4b@nyu.edu,http://dummyimage.com/195x100.png/dddddd/000000,195-653-7088
Dena Ganford,dganford4c@surveymonkey.com,http://dummyimage.com/178x100.png/5fa2dd/ffffff,355-561-1077
Nev Pavlik,npavlik4d@elpais.com,http://dummyimage.com/116x100.png/dddddd/000000,903-941-6824
Renado Bazeley,rbazeley4e@fc2.com,http://dummyimage.com/205x100.png/5fa2dd/ffffff,885-744-0630
Jemimah Marian,jmarian4f@sbwire.com,http://dummyimage.com/250x100.png/5fa2dd/ffffff,480-485-5414
Jacquelynn Ferrulli,jferrulli4g@illinois.edu,http://dummyimage.com/204x100.png/ff4444/ffffff,946-236-4310
Wayland Crebo,wcrebo4h@hc360.com,http://dummyimage.com/158x100.png/cc0000/ffffff,612-283-5118
Lyndell Blackmore,lblackmore4i@bluehost.com,http://dummyimage.com/103x100.png/cc0000/ffffff,497-379-1348
William Gellert,wgellert4j@spotify.com,http://dummyimage.com/230x100.png/ff4444/ffffff,318-715-3018
Dylan Dumbar,ddumbar4k@tumblr.com,http://dummyimage.com/210x100.png/5fa2dd/ffffff,441-136-8100
Beatriz Rennix,brennix4l@ca.gov,http://dummyimage.com/218x100.png/ff4444/ffffff,991-465-3628
Cyrill O'Dougherty,codougherty4m@behance.net,http://dummyimage.com/128x100.png/ff4444/ffffff,718-198-0577
Babs Magnus,bmagnus4n@dagondesign.com,http://dummyimage.com/141x100.png/5fa2dd/ffffff,387-577-4297
Kylila Veall,kveall4o@usnews.com,http://dummyimage.com/198x100.png/dddddd/000000,147-867-9778
Bram Chiplen,bchiplen4p@arizona.edu,http://dummyimage.com/235x100.png/cc0000/ffffff,631-164-4427
Cammy Gaze,cgaze4q@linkedin.com,http://dummyimage.com/114x100.png/5fa2dd/ffffff,737-591-7590
Sileas Orrom,sorrom4r@jalbum.net,http://dummyimage.com/223x100.png/ff4444/ffffff,565-223-2803
Ryan Lewcock,rlewcock4s@typepad.com,http://dummyimage.com/172x100.png/ff4444/ffffff,645-382-2114
Adrien Yeeles,ayeeles4t@hatena.ne.jp,http://dummyimage.com/140x100.png/dddddd/000000,741-990-4729
Karlik Werrilow,kwerrilow4u@dyndns.org,http://dummyimage.com/167x100.png/ff4444/ffffff,853-503-3774
Reynard Arndell,rarndell4v@imdb.com,http://dummyimage.com/191x100.png/ff4444/ffffff,584-753-3554
Zorah Cardoso,zcardoso4w@independent.co.uk,http://dummyimage.com/232x100.png/ff4444/ffffff,939-950-3196
Alfons Dalgarnocht,adalgarnocht4x@dell.com,http://dummyimage.com/232x100.png/ff4444/ffffff,222-643-1205
Melvyn Mutlow,mmutlow4y@behance.net,http://dummyimage.com/101x100.png/cc0000/ffffff,948-457-0744
Cyndia Keddy,ckeddy4z@salon.com,http://dummyimage.com/194x100.png/cc0000/ffffff,982-388-6906
Mattie Campo,mcampo50@sciencedaily.com,http://dummyimage.com/141x100.png/dddddd/000000,413-372-7690
Lars O'Geneay,logeneay51@vistaprint.com,http://dummyimage.com/229x100.png/5fa2dd/ffffff,782-902-1963
Lynda Cayser,lcayser52@163.com,http://dummyimage.com/136x100.png/dddddd/000000,292-846-4532
Consuelo O'Dwyer,codwyer53@ezinearticles.com,http://dummyimage.com/249x100.png/ff4444/ffffff,767-283-5097
Debera Egginton,degginton54@barnesandnoble.com,http://dummyimage.com/131x100.png/ff4444/ffffff,611-953-7983
Blinnie Sancraft,bsancraft55@so-net.ne.jp,http://dummyimage.com/213x100.png/ff4444/ffffff,739-952-3039
Melloney Bendell,mbendell56@about.me,http://dummyimage.com/235x100.png/5fa2dd/ffffff,693-899-5775
Chadd Cottill,ccottill57@npr.org,http://dummyimage.com/139x100.png/5fa2dd/ffffff,502-707-7457
Robena Illesley,rillesley58@youtube.com,http://dummyimage.com/212x100.png/dddddd/000000,207-641-2872
Heath Coulsen,hcoulsen59@apple.com,http://dummyimage.com/215x100.png/ff4444/ffffff,126-335-2545
Freddy Gatch,fgatch5a@i2i.jp,http://dummyimage.com/161x100.png/cc0000/ffffff,644-383-1494
Frankie Baddoe,fbaddoe5b@vistaprint.com,http://dummyimage.com/152x100.png/ff4444/ffffff,482-423-3690
Gay Drydale,gdrydale5c@redcross.org,http://dummyimage.com/170x100.png/ff4444/ffffff,987-856-3664
Eugenio Nazer,enazer5d@noaa.gov,http://dummyimage.com/135x100.png/ff4444/ffffff,205-981-4711
Hilliary McBeith,hmcbeith5e@multiply.com,http://dummyimage.com/193x100.png/5fa2dd/ffffff,635-498-7599
Tyler Verrier,tverrier5f@163.com,http://dummyimage.com/166x100.png/5fa2dd/ffffff,272-561-5036
Vincenz Kays,vkays5g@slideshare.net,http://dummyimage.com/195x100.png/5fa2dd/ffffff,542-326-8669
Greer Grumley,ggrumley5h@spiegel.de,http://dummyimage.com/160x100.png/5fa2dd/ffffff,448-742-9990
Ulysses Lack,ulack5i@irs.gov,http://dummyimage.com/114x100.png/dddddd/000000,160-670-8538
Mike Samson,msamson5j@over-blog.com,http://dummyimage.com/200x100.png/cc0000/ffffff,543-560-0143
Frieda De Dei,fde5k@simplemachines.org,http://dummyimage.com/146x100.png/dddddd/000000,528-532-6773
Alphonso Decort,adecort5l@ucoz.ru,http://dummyimage.com/215x100.png/5fa2dd/ffffff,658-298-0622
Tull Brownsall,tbrownsall5m@un.org,http://dummyimage.com/107x100.png/cc0000/ffffff,269-650-5168
Alikee Fright,afright5n@cbc.ca,http://dummyimage.com/248x100.png/dddddd/000000,484-997-3755
Rabi Dorin,rdorin5o@ezinearticles.com,http://dummyimage.com/129x100.png/cc0000/ffffff,701-524-1558
Corrie Blood,cblood5p@deliciousdays.com,http://dummyimage.com/227x100.png/ff4444/ffffff,318-955-9672
Kiley Lossman,klossman5q@telegraph.co.uk,http://dummyimage.com/151x100.png/dddddd/000000,157-194-8568
Ilka Speares,ispeares5r@smugmug.com,http://dummyimage.com/200x100.png/ff4444/ffffff,103-226-3356
Puff Domenc,pdomenc5s@com.com,http://dummyimage.com/151x100.png/5fa2dd/ffffff,563-240-0186
Leonelle Ouver,louver5t@geocities.com,http://dummyimage.com/154x100.png/cc0000/ffffff,130-395-4765
Gretchen Wimp,gwimp5u@eepurl.com,http://dummyimage.com/130x100.png/dddddd/000000,167-599-0037
Jennee Amps,jamps5v@symantec.com,http://dummyimage.com/208x100.png/ff4444/ffffff,829-831-0454
Walton Stoate,wstoate5w@php.net,http://dummyimage.com/173x100.png/dddddd/000000,114-477-7726
Torrin Greenall,tgreenall5x@oaic.gov.au,http://dummyimage.com/203x100.png/5fa2dd/ffffff,471-233-7608
Yolanda Truitt,ytruitt5y@simplemachines.org,http://dummyimage.com/212x100.png/cc0000/ffffff,129-405-0856
Moina Benner,mbenner5z@behance.net,http://dummyimage.com/236x100.png/dddddd/000000,766-751-3382
Nowell Brunotti,nbrunotti60@godaddy.com,http://dummyimage.com/130x100.png/dddddd/000000,772-492-0870
Bernadina Pattemore,bpattemore61@virginia.edu,http://dummyimage.com/170x100.png/ff4444/ffffff,106-771-5257
Muffin Sacker,msacker62@whitehouse.gov,http://dummyimage.com/143x100.png/dddddd/000000,565-771-0282
Alfy Wanne,awanne63@dailymotion.com,http://dummyimage.com/222x100.png/cc0000/ffffff,748-234-6513
Trixie Silverthorn,tsilverthorn64@tumblr.com,http://dummyimage.com/220x100.png/5fa2dd/ffffff,823-927-6055
Tiphanie Scandroot,tscandroot65@mozilla.org,http://dummyimage.com/175x100.png/dddddd/000000,179-591-8541
Florri Haigh,fhaigh66@edublogs.org,http://dummyimage.com/209x100.png/ff4444/ffffff,242-281-1072
Binni Attewill,battewill67@mediafire.com,http://dummyimage.com/103x100.png/5fa2dd/ffffff,776-388-7232
Efrem Perryn,eperryn68@vk.com,http://dummyimage.com/175x100.png/ff4444/ffffff,944-715-5976
Mattheus Conyer,mconyer69@goodreads.com,http://dummyimage.com/178x100.png/dddddd/000000,444-782-2050
Ashien Kuhn,akuhn6a@posterous.com,http://dummyimage.com/102x100.png/ff4444/ffffff,596-930-7853
Reeta Tamblyn,rtamblyn6b@infoseek.co.jp,http://dummyimage.com/188x100.png/5fa2dd/ffffff,879-840-0334
Kyrstin Ezzy,kezzy6c@livejournal.com,http://dummyimage.com/240x100.png/dddddd/000000,486-902-1981
Julienne McChruiter,jmcchruiter6d@geocities.com,http://dummyimage.com/158x100.png/ff4444/ffffff,297-107-2410
Orren Shepheard,oshepheard6e@accuweather.com,http://dummyimage.com/133x100.png/ff4444/ffffff,337-293-8015
Cristian Domleo,cdomleo6f@earthlink.net,http://dummyimage.com/111x100.png/dddddd/000000,396-671-6247
Glad Knowller,gknowller6g@cam.ac.uk,http://dummyimage.com/100x100.png/5fa2dd/ffffff,352-396-4022
Leigh Janas,ljanas6h@creativecommons.org,http://dummyimage.com/158x100.png/5fa2dd/ffffff,547-833-3136
Ardeen Gethouse,agethouse6i@ft.com,http://dummyimage.com/170x100.png/dddddd/000000,962-746-4572
Beverly Claworth,bclaworth6j@columbia.edu,http://dummyimage.com/167x100.png/dddddd/000000,745-261-2726
Letti Gonthier,lgonthier6k@princeton.edu,http://dummyimage.com/196x100.png/ff4444/ffffff,658-806-0241
Nappy Bransdon,nbransdon6l@sina.com.cn,http://dummyimage.com/106x100.png/cc0000/ffffff,480-450-1282
Dur Attrill,dattrill6m@etsy.com,http://dummyimage.com/235x100.png/5fa2dd/ffffff,187-349-4489
Arlette Folke,afolke6n@ted.com,http://dummyimage.com/131x100.png/5fa2dd/ffffff,478-243-8298
Jaquith Iacobini,jiacobini6o@rediff.com,http://dummyimage.com/233x100.png/cc0000/ffffff,568-255-1639
Armin Alejandri,aalejandri6p@nih.gov,http://dummyimage.com/213x100.png/dddddd/000000,541-645-1740
Leeann Willingham,lwillingham6q@yandex.ru,http://dummyimage.com/187x100.png/5fa2dd/ffffff,619-739-2077
Nonah Meaton,nmeaton6r@163.com,http://dummyimage.com/206x100.png/5fa2dd/ffffff,936-629-1575
Dniren Hateley,dhateley6s@technorati.com,http://dummyimage.com/153x100.png/ff4444/ffffff,426-537-4317
Jasen Bedo,jbedo6t@yolasite.com,http://dummyimage.com/125x100.png/5fa2dd/ffffff,404-771-0598
Leandra Aumerle,laumerle6u@printfriendly.com,http://dummyimage.com/204x100.png/5fa2dd/ffffff,608-738-8632
Cecelia Widocks,cwidocks6v@redcross.org,http://dummyimage.com/185x100.png/ff4444/ffffff,448-142-4166
Cordy Matijevic,cmatijevic6w@chronoengine.com,http://dummyimage.com/180x100.png/cc0000/ffffff,612-291-2004
Emmanuel Moneti,emoneti6x@utexas.edu,http://dummyimage.com/135x100.png/ff4444/ffffff,816-443-0032
Filbert Lardez,flardez6y@fotki.com,http://dummyimage.com/239x100.png/cc0000/ffffff,559-775-0010
Bogey Kirgan,bkirgan6z@harvard.edu,http://dummyimage.com/168x100.png/5fa2dd/ffffff,304-793-1428
Corbet Haselhurst,chaselhurst70@sina.com.cn,http://dummyimage.com/105x100.png/cc0000/ffffff,121-748-7424
Haleigh Cureton,hcureton71@google.pl,http://dummyimage.com/209x100.png/ff4444/ffffff,137-782-2181
Becca Braemer,bbraemer72@kickstarter.com,http://dummyimage.com/236x100.png/ff4444/ffffff,356-602-8325
Janeta Fredi,jfredi73@ezinearticles.com,http://dummyimage.com/163x100.png/5fa2dd/ffffff,430-775-8612
Juditha Casari,jcasari74@google.pl,http://dummyimage.com/170x100.png/cc0000/ffffff,379-304-1453
Bran Flacknell,bflacknell75@apache.org,http://dummyimage.com/104x100.png/cc0000/ffffff,578-918-9834
Gene Huckerbe,ghuckerbe76@dell.com,http://dummyimage.com/142x100.png/cc0000/ffffff,565-833-7126
Leah Gallico,lgallico77@1688.com,http://dummyimage.com/193x100.png/dddddd/000000,851-412-2253
Jodie Atwool,jatwool78@hugedomains.com,http://dummyimage.com/151x100.png/dddddd/000000,232-439-2825
Amaleta Fowley,afowley79@t-online.de,http://dummyimage.com/171x100.png/ff4444/ffffff,704-838-2723
Courtnay Leftley,cleftley7a@tinyurl.com,http://dummyimage.com/108x100.png/cc0000/ffffff,802-978-8220
Davy Rucklidge,drucklidge7b@deliciousdays.com,http://dummyimage.com/237x100.png/cc0000/ffffff,188-406-3025
Callida Pidgeley,cpidgeley7c@tuttocitta.it,http://dummyimage.com/175x100.png/dddddd/000000,996-455-0318
Brandea Fidoe,bfidoe7d@whitehouse.gov,http://dummyimage.com/207x100.png/5fa2dd/ffffff,884-975-5720
Fritz Pretor,fpretor7e@wufoo.com,http://dummyimage.com/238x100.png/dddddd/000000,860-840-3344
Delmer Springer,dspringer7f@archive.org,http://dummyimage.com/220x100.png/cc0000/ffffff,587-233-2163
Forest Fountain,ffountain7g@360.cn,http://dummyimage.com/103x100.png/cc0000/ffffff,194-964-9494
Tommy Tomsu,ttomsu7h@bigcartel.com,http://dummyimage.com/176x100.png/ff4444/ffffff,548-731-7911
Augustine Claffey,aclaffey7i@netvibes.com,http://dummyimage.com/216x100.png/cc0000/ffffff,796-439-0531
Justinian Evens,jevens7j@paginegialle.it,http://dummyimage.com/135x100.png/5fa2dd/ffffff,472-787-7986
Thurstan Ebbutt,tebbutt7k@zdnet.com,http://dummyimage.com/184x100.png/dddddd/000000,184-884-2124
Skyler Ullett,sullett7l@ted.com,http://dummyimage.com/176x100.png/dddddd/000000,745-555-0383
Burton Cranshaw,bcranshaw7m@kickstarter.com,http://dummyimage.com/192x100.png/ff4444/ffffff,298-887-7391
Conrade Gommowe,cgommowe7n@discuz.net,http://dummyimage.com/179x100.png/ff4444/ffffff,372-688-8134
Randy Lyard,rlyard7o@typepad.com,http://dummyimage.com/113x100.png/cc0000/ffffff,673-382-2903
Brook Bradnock,bbradnock7p@opera.com,http://dummyimage.com/218x100.png/ff4444/ffffff,742-246-1661
Charmane Llywarch,cllywarch7q@nymag.com,http://dummyimage.com/219x100.png/ff4444/ffffff,109-531-1981
Marty Hails,mhails7r@geocities.com,http://dummyimage.com/248x100.png/dddddd/000000,586-445-6841
Guglielma Cattow,gcattow7s@time.com,http://dummyimage.com/156x100.png/cc0000/ffffff,310-283-4847
Melessa Cregin,mcregin7t@sogou.com,http://dummyimage.com/212x100.png/ff4444/ffffff,696-721-1772
Laverna Linning,llinning7u@creativecommons.org,http://dummyimage.com/115x100.png/ff4444/ffffff,815-183-3895
Brigida Dunkerly,bdunkerly7v@vinaora.com,http://dummyimage.com/175x100.png/ff4444/ffffff,548-305-6480
Legra Cronchey,lcronchey7w@nasa.gov,http://dummyimage.com/107x100.png/5fa2dd/ffffff,719-806-4012
Gan Fynn,gfynn7x@state.gov,http://dummyimage.com/163x100.png/5fa2dd/ffffff,790-360-8685
Maridel Granville,mgranville7y@slate.com,http://dummyimage.com/157x100.png/ff4444/ffffff,619-920-7152
Nikolaus Mongain,nmongain7z@goo.gl,http://dummyimage.com/145x100.png/cc0000/ffffff,846-666-8412
Ulberto McNicol,umcnicol80@usatoday.com,http://dummyimage.com/178x100.png/dddddd/000000,747-863-1807
Edy Chichgar,echichgar81@miitbeian.gov.cn,http://dummyimage.com/156x100.png/dddddd/000000,132-585-2124
Alie Tresler,atresler82@mapquest.com,http://dummyimage.com/129x100.png/dddddd/000000,294-585-0622
Conn O'Murtagh,comurtagh83@youtu.be,http://dummyimage.com/190x100.png/dddddd/000000,675-990-7853
Mufinella Ivancevic,mivancevic84@tripadvisor.com,http://dummyimage.com/214x100.png/ff4444/ffffff,684-620-2222
Silvanus Ianilli,sianilli85@examiner.com,http://dummyimage.com/127x100.png/dddddd/000000,353-329-4932
Darcey Cordeiro,dcordeiro86@army.mil,http://dummyimage.com/221x100.png/dddddd/000000,258-329-5946
Eadmund Chaloner,echaloner87@usgs.gov,http://dummyimage.com/234x100.png/dddddd/000000,666-863-1920
Alida Luparti,aluparti88@earthlink.net,http://dummyimage.com/101x100.png/ff4444/ffffff,573-271-0780
Tannie Jellico,tjellico89@cyberchimps.com,http://dummyimage.com/138x100.png/dddddd/000000,628-160-5018
Caresa O' Brian,co8a@mapy.cz,http://dummyimage.com/239x100.png/5fa2dd/ffffff,171-175-2541
Clarissa Mobberley,cmobberley8b@shop-pro.jp,http://dummyimage.com/235x100.png/5fa2dd/ffffff,990-915-8487
Aili Murch,amurch8c@mapy.cz,http://dummyimage.com/144x100.png/ff4444/ffffff,530-859-8225
Brannon Tockell,btockell8d@usatoday.com,http://dummyimage.com/109x100.png/5fa2dd/ffffff,456-419-7384
Zebulen Eymor,zeymor8e@samsung.com,http://dummyimage.com/141x100.png/5fa2dd/ffffff,484-202-7843
Artemus Nudds,anudds8f@archive.org,http://dummyimage.com/106x100.png/dddddd/000000,267-284-2798
Sharleen Skitterel,sskitterel8g@army.mil,http://dummyimage.com/205x100.png/cc0000/ffffff,781-468-5103
Channa Asson,casson8h@diigo.com,http://dummyimage.com/135x100.png/5fa2dd/ffffff,236-322-1184
Andrus Andreou,aandreou8i@skyrock.com,http://dummyimage.com/217x100.png/dddddd/000000,983-511-1649
Felix Duffer,fduffer8j@moonfruit.com,http://dummyimage.com/170x100.png/5fa2dd/ffffff,568-867-1901
Forrest Berthome,fberthome8k@163.com,http://dummyimage.com/137x100.png/dddddd/000000,437-793-6511
Lane Basten,lbasten8l@auda.org.au,http://dummyimage.com/226x100.png/cc0000/ffffff,404-436-4705
Ansel Jayne,ajayne8m@unc.edu,http://dummyimage.com/169x100.png/5fa2dd/ffffff,512-204-7729
Artemis Leare,aleare8n@skyrock.com,http://dummyimage.com/139x100.png/5fa2dd/ffffff,172-845-3532
Nerte Cornelissen,ncornelissen8o@paginegialle.it,http://dummyimage.com/155x100.png/cc0000/ffffff,867-360-1971
Barney Rollason,brollason8p@bloglines.com,http://dummyimage.com/203x100.png/dddddd/000000,549-602-6275
Tanitansy Swiggs,tswiggs8q@webmd.com,http://dummyimage.com/151x100.png/5fa2dd/ffffff,943-219-3774
Nalani Loughan,nloughan8r@java.com,http://dummyimage.com/195x100.png/cc0000/ffffff,808-450-0852
Ginger Beresford,gberesford8s@a8.net,http://dummyimage.com/197x100.png/5fa2dd/ffffff,771-930-7072
Kelila O'Loghlen,kologhlen8t@ifeng.com,http://dummyimage.com/155x100.png/5fa2dd/ffffff,119-336-1680
Aleda Jerdein,ajerdein8u@blogspot.com,http://dummyimage.com/139x100.png/cc0000/ffffff,854-977-8647
Stephine Nabbs,snabbs8v@drupal.org,http://dummyimage.com/210x100.png/ff4444/ffffff,619-761-5005
Heath Bache,hbache8w@hao123.com,http://dummyimage.com/166x100.png/cc0000/ffffff,230-585-5708
Vicki Odda,vodda8x@usgs.gov,http://dummyimage.com/226x100.png/dddddd/000000,845-940-3081
Tailor Jeremiah,tjeremiah8y@printfriendly.com,http://dummyimage.com/166x100.png/ff4444/ffffff,177-486-3223
Korie Yarnton,kyarnton8z@bloomberg.com,http://dummyimage.com/116x100.png/dddddd/000000,600-474-2539
Gabriel Bolles,gbolles90@technorati.com,http://dummyimage.com/202x100.png/dddddd/000000,401-928-9327
Ariana Cordsen,acordsen91@bravesites.com,http://dummyimage.com/135x100.png/dddddd/000000,957-772-0573
Lola Abbet,labbet92@redcross.org,http://dummyimage.com/248x100.png/ff4444/ffffff,604-408-4799
Johnette Bythell,jbythell93@jugem.jp,http://dummyimage.com/211x100.png/ff4444/ffffff,988-224-5749
Earlie Gwynne,egwynne94@quantcast.com,http://dummyimage.com/236x100.png/5fa2dd/ffffff,669-769-2429
Karissa Portis,kportis95@baidu.com,http://dummyimage.com/223x100.png/cc0000/ffffff,757-385-4443
Pietro Ahrendsen,pahrendsen96@loc.gov,http://dummyimage.com/238x100.png/5fa2dd/ffffff,794-748-8754
Erica Bausmann,ebausmann97@go.com,http://dummyimage.com/223x100.png/cc0000/ffffff,489-957-8722
Tiertza Trouel,ttrouel98@rambler.ru,http://dummyimage.com/125x100.png/5fa2dd/ffffff,332-798-2008
Dennie Peirpoint,dpeirpoint99@trellian.com,http://dummyimage.com/140x100.png/5fa2dd/ffffff,601-956-8663
Gregg Paulin,gpaulin9a@amazon.com,http://dummyimage.com/236x100.png/5fa2dd/ffffff,334-724-6473
Zorina Jeffray,zjeffray9b@163.com,http://dummyimage.com/179x100.png/5fa2dd/ffffff,809-931-9759
Jedidiah Howat,jhowat9c@weebly.com,http://dummyimage.com/231x100.png/dddddd/000000,447-851-4103
Finley Zold,fzold9d@japanpost.jp,http://dummyimage.com/129x100.png/ff4444/ffffff,109-852-8919
Whitman Fricker,wfricker9e@merriam-webster.com,http://dummyimage.com/220x100.png/ff4444/ffffff,180-830-7618
Aylmar Stone Fewings,astone9f@multiply.com,http://dummyimage.com/186x100.png/dddddd/000000,519-755-1871
Thelma Cradock,tcradock9g@dot.gov,http://dummyimage.com/114x100.png/cc0000/ffffff,982-734-4213
Vere Kondratyuk,vkondratyuk9h@163.com,http://dummyimage.com/161x100.png/cc0000/ffffff,717-619-6905
Franchot Lafflin,flafflin9i@privacy.gov.au,http://dummyimage.com/233x100.png/ff4444/ffffff,253-636-0178
Tera Datte,tdatte9j@abc.net.au,http://dummyimage.com/230x100.png/5fa2dd/ffffff,953-112-6365
Dionne Jurs,djurs9k@google.ru,http://dummyimage.com/139x100.png/5fa2dd/ffffff,166-279-3692
Fidelity Hulk,fhulk9l@msn.com,http://dummyimage.com/240x100.png/dddddd/000000,611-399-8373
Xylia Flye,xflye9m@thetimes.co.uk,http://dummyimage.com/113x100.png/5fa2dd/ffffff,720-706-9494
Sigfrid McDuffy,smcduffy9n@earthlink.net,http://dummyimage.com/134x100.png/5fa2dd/ffffff,652-872-8046
Brook Hewins,bhewins9o@google.de,http://dummyimage.com/178x100.png/cc0000/ffffff,530-518-0970
Howie Gott,hgott9p@squarespace.com,http://dummyimage.com/145x100.png/ff4444/ffffff,127-414-3445
Maude Spicer,mspicer9q@infoseek.co.jp,http://dummyimage.com/136x100.png/5fa2dd/ffffff,231-545-1448
Jeremias Radford,jradford9r@shinystat.com,http://dummyimage.com/166x100.png/5fa2dd/ffffff,413-325-6696
Marje Ferrieroi,mferrieroi9s@biblegateway.com,http://dummyimage.com/185x100.png/5fa2dd/ffffff,899-396-2441
Cosetta Crutchley,ccrutchley9t@guardian.co.uk,http://dummyimage.com/212x100.png/5fa2dd/ffffff,542-284-8940
Sayre Goffe,sgoffe9u@purevolume.com,http://dummyimage.com/125x100.png/cc0000/ffffff,759-971-1671
Rosy Denekamp,rdenekamp9v@princeton.edu,http://dummyimage.com/100x100.png/5fa2dd/ffffff,926-966-8179
Donnamarie Espinha,despinha9w@webs.com,http://dummyimage.com/233x100.png/dddddd/000000,240-197-0913
Ezechiel Esland,eesland9x@archive.org,http://dummyimage.com/129x100.png/ff4444/ffffff,434-225-5535
Tiffanie Antonnikov,tantonnikov9y@washington.edu,http://dummyimage.com/146x100.png/5fa2dd/ffffff,882-367-1231
Ondrea Rossoni,orossoni9z@zimbio.com,http://dummyimage.com/225x100.png/5fa2dd/ffffff,426-244-1666
Florinda Gillinghams,fgillinghamsa0@oaic.gov.au,http://dummyimage.com/214x100.png/ff4444/ffffff,201-720-6544
Olvan Itzik,oitzika1@nasa.gov,http://dummyimage.com/233x100.png/5fa2dd/ffffff,171-940-9406
Jen Armiger,jarmigera2@sogou.com,http://dummyimage.com/167x100.png/cc0000/ffffff,834-760-7845
Timoteo Fehner,tfehnera3@cargocollective.com,http://dummyimage.com/241x100.png/dddddd/000000,758-727-1886
Engracia Etter,eettera4@etsy.com,http://dummyimage.com/127x100.png/ff4444/ffffff,928-780-2523
Kelli Roycroft,kroycrofta5@delicious.com,http://dummyimage.com/169x100.png/dddddd/000000,141-588-6355
Spencer Pendlenton,spendlentona6@xrea.com,http://dummyimage.com/139x100.png/dddddd/000000,613-568-0216
Anthony Littrell,alittrella7@biglobe.ne.jp,http://dummyimage.com/238x100.png/cc0000/ffffff,866-280-7691
Deanna Critzen,dcritzena8@blog.com,http://dummyimage.com/104x100.png/dddddd/000000,131-942-8713
Glenn Jerdon,gjerdona9@bing.com,http://dummyimage.com/159x100.png/dddddd/000000,176-232-8883
Dulcea Fass,dfassaa@aol.com,http://dummyimage.com/124x100.png/5fa2dd/ffffff,749-884-6722
Kay Marielle,kmarielleab@tmall.com,http://dummyimage.com/154x100.png/5fa2dd/ffffff,210-460-9567
Amy Havercroft,ahavercroftac@nymag.com,http://dummyimage.com/179x100.png/ff4444/ffffff,192-231-5014
Shandie Abramowsky,sabramowskyad@prweb.com,http://dummyimage.com/202x100.png/dddddd/000000,255-912-9622
Adriena Mathelon,amathelonae@homestead.com,http://dummyimage.com/105x100.png/5fa2dd/ffffff,289-629-5236
Lizabeth Farrears,lfarrearsaf@irs.gov,http://dummyimage.com/208x100.png/dddddd/000000,411-974-3551
Antons Firks,afirksag@sakura.ne.jp,http://dummyimage.com/134x100.png/dddddd/000000,718-389-6885
Pam Waller,pwallerah@businesswire.com,http://dummyimage.com/103x100.png/ff4444/ffffff,462-782-3525
Poppy Danigel,pdanigelai@blogs.com,http://dummyimage.com/203x100.png/dddddd/000000,869-838-1250
Durand Gibberd,dgibberdaj@pinterest.com,http://dummyimage.com/152x100.png/5fa2dd/ffffff,671-753-8839
Terry McCrie,tmccrieak@springer.com,http://dummyimage.com/112x100.png/dddddd/000000,513-149-0962
Avictor Jarnell,ajarnellal@wired.com,http://dummyimage.com/159x100.png/dddddd/000000,543-463-0149
Cari Margerison,cmargerisonam@gmpg.org,http://dummyimage.com/241x100.png/ff4444/ffffff,584-608-0723
Estevan Dupre,eduprean@craigslist.org,http://dummyimage.com/224x100.png/cc0000/ffffff,828-851-4086
Burnaby Frankcombe,bfrankcombeao@statcounter.com,http://dummyimage.com/144x100.png/dddddd/000000,790-436-6122
Clotilda Juszczak,cjuszczakap@prweb.com,http://dummyimage.com/241x100.png/ff4444/ffffff,149-110-5518
Jon Hallford,jhallfordaq@dmoz.org,http://dummyimage.com/209x100.png/dddddd/000000,489-202-2462
Englebert Toffolo,etoffoloar@etsy.com,http://dummyimage.com/166x100.png/ff4444/ffffff,858-616-9466
Hagen Muck,hmuckas@walmart.com,http://dummyimage.com/212x100.png/ff4444/ffffff,321-799-6402
Pancho Learman,plearmanat@storify.com,http://dummyimage.com/191x100.png/dddddd/000000,927-664-6236
Gabbey Coughtrey,gcoughtreyau@slate.com,http://dummyimage.com/233x100.png/cc0000/ffffff,542-848-4327
Avril Pettifor,apettiforav@yahoo.com,http://dummyimage.com/129x100.png/5fa2dd/ffffff,557-246-7448
Letta Mizzi,lmizziaw@quantcast.com,http://dummyimage.com/230x100.png/cc0000/ffffff,785-364-0968
Stephi McAreavey,smcareaveyax@ucoz.com,http://dummyimage.com/104x100.png/cc0000/ffffff,532-309-8264
Ardelle Steger,astegeray@opensource.org,http://dummyimage.com/128x100.png/cc0000/ffffff,216-527-5113
Liam Beckwith,lbeckwithaz@geocities.jp,http://dummyimage.com/203x100.png/cc0000/ffffff,184-374-8535
Nappy Fullun,nfullunb0@archive.org,http://dummyimage.com/112x100.png/5fa2dd/ffffff,741-490-6855
Jamima Jerams,jjeramsb1@merriam-webster.com,http://dummyimage.com/222x100.png/dddddd/000000,605-354-5345
Bendix Atherley,batherleyb2@bbb.org,http://dummyimage.com/201x100.png/dddddd/000000,604-691-3562
Conney Emanueli,cemanuelib3@stumbleupon.com,http://dummyimage.com/218x100.png/dddddd/000000,394-553-0951
Florenza Streak,fstreakb4@booking.com,http://dummyimage.com/226x100.png/5fa2dd/ffffff,638-529-9107
Perceval Crielly,pcriellyb5@simplemachines.org,http://dummyimage.com/153x100.png/5fa2dd/ffffff,967-743-2871
Julienne Oris,jorisb6@taobao.com,http://dummyimage.com/193x100.png/cc0000/ffffff,970-958-7922
Gerhardine Seawright,gseawrightb7@printfriendly.com,http://dummyimage.com/229x100.png/cc0000/ffffff,487-180-4983
Cece Sherred,csherredb8@cbsnews.com,http://dummyimage.com/168x100.png/ff4444/ffffff,384-254-3587
Reena Caesmans,rcaesmansb9@mayoclinic.com,http://dummyimage.com/116x100.png/ff4444/ffffff,348-391-4422
Efrem Brende,ebrendeba@issuu.com,http://dummyimage.com/210x100.png/cc0000/ffffff,546-343-0258
Suzie Frackiewicz,sfrackiewiczbb@squidoo.com,http://dummyimage.com/199x100.png/5fa2dd/ffffff,581-140-3001
Cordell Mongin,cmonginbc@wix.com,http://dummyimage.com/212x100.png/cc0000/ffffff,918-771-0925
Gray Side,gsidebd@fc2.com,http://dummyimage.com/173x100.png/dddddd/000000,213-729-0558
Vaughan Creane,vcreanebe@barnesandnoble.com,http://dummyimage.com/181x100.png/5fa2dd/ffffff,366-427-8081
Rayna Caukill,rcaukillbf@chron.com,http://dummyimage.com/112x100.png/5fa2dd/ffffff,413-472-5769
Vere Probat,vprobatbg@domainmarket.com,http://dummyimage.com/196x100.png/dddddd/000000,833-650-2620
Rodger Axe,raxebh@google.es,http://dummyimage.com/184x100.png/cc0000/ffffff,657-192-2597
Cazzie Regenhardt,cregenhardtbi@yelp.com,http://dummyimage.com/206x100.png/cc0000/ffffff,610-806-7207
Silvia Blowne,sblownebj@e-recht24.de,http://dummyimage.com/154x100.png/dddddd/000000,478-910-9031
Elnar Graben,egrabenbk@dropbox.com,http://dummyimage.com/199x100.png/dddddd/000000,454-712-9463
Willi Grigoli,wgrigolibl@epa.gov,http://dummyimage.com/228x100.png/ff4444/ffffff,793-411-3465
Frannie Yurygyn,fyurygynbm@netlog.com,http://dummyimage.com/155x100.png/cc0000/ffffff,434-269-7452
Erl MacDuffie,emacduffiebn@disqus.com,http://dummyimage.com/131x100.png/5fa2dd/ffffff,341-297-5969
Ramonda Ayshford,rayshfordbo@studiopress.com,http://dummyimage.com/217x100.png/5fa2dd/ffffff,635-416-9873
Claire Stannard,cstannardbp@google.pl,http://dummyimage.com/151x100.png/5fa2dd/ffffff,877-327-9685
Lezlie Hawtry,lhawtrybq@bigcartel.com,http://dummyimage.com/162x100.png/ff4444/ffffff,458-476-6538
Dacey Genese,dgenesebr@go.com,http://dummyimage.com/211x100.png/dddddd/000000,542-672-2930
Serena Thying,sthyingbs@bloomberg.com,http://dummyimage.com/174x100.png/ff4444/ffffff,791-435-9897
Ophelia Thornthwaite,othornthwaitebt@constantcontact.com,http://dummyimage.com/241x100.png/dddddd/000000,622-411-0592
Cloris Garnham,cgarnhambu@t.co,http://dummyimage.com/136x100.png/cc0000/ffffff,812-225-9103
Pepi Whitington,pwhitingtonbv@rakuten.co.jp,http://dummyimage.com/158x100.png/5fa2dd/ffffff,586-397-6893
Skelly Courtonne,scourtonnebw@loc.gov,http://dummyimage.com/248x100.png/dddddd/000000,719-206-2942
Garrard Farquar,gfarquarbx@tinyurl.com,http://dummyimage.com/111x100.png/5fa2dd/ffffff,185-291-3594
Bryn Hort,bhortby@bbc.co.uk,http://dummyimage.com/146x100.png/cc0000/ffffff,570-914-3439
Ursa Village,uvillagebz@godaddy.com,http://dummyimage.com/244x100.png/5fa2dd/ffffff,624-120-1786
Celestyn Harron,charronc0@patch.com,http://dummyimage.com/150x100.png/ff4444/ffffff,669-347-3649
Valenka Balsom,vbalsomc1@unicef.org,http://dummyimage.com/150x100.png/cc0000/ffffff,189-856-8687
Burnard Freschi,bfreschic2@lycos.com,http://dummyimage.com/152x100.png/ff4444/ffffff,815-700-5369
Saundra Lambe,slambec3@dedecms.com,http://dummyimage.com/108x100.png/5fa2dd/ffffff,679-710-5529
Agatha Rentilll,arentilllc4@dedecms.com,http://dummyimage.com/152x100.png/cc0000/ffffff,809-985-8154
Merell Laban,mlabanc5@gnu.org,http://dummyimage.com/177x100.png/cc0000/ffffff,939-765-7704
Ardyth Winckle,awincklec6@phpbb.com,http://dummyimage.com/196x100.png/5fa2dd/ffffff,687-155-5355
Melisa Kelleway,mkellewayc7@xinhuanet.com,http://dummyimage.com/141x100.png/cc0000/ffffff,694-616-4480
Tomas MacBrearty,tmacbreartyc8@aol.com,http://dummyimage.com/164x100.png/cc0000/ffffff,275-773-4911
Thadeus Edinborough,tedinboroughc9@craigslist.org,http://dummyimage.com/220x100.png/cc0000/ffffff,150-160-4105
Nance Will,nwillca@geocities.jp,http://dummyimage.com/230x100.png/ff4444/ffffff,973-567-9886
Cherilyn Francello,cfrancellocb@google.com.hk,http://dummyimage.com/141x100.png/ff4444/ffffff,832-735-9983
Abba Yoakley,ayoakleycc@xrea.com,http://dummyimage.com/130x100.png/5fa2dd/ffffff,440-660-8144
Maggy Fellgett,mfellgettcd@wikia.com,http://dummyimage.com/188x100.png/5fa2dd/ffffff,870-131-5123
Byrann Lenden,blendence@issuu.com,http://dummyimage.com/108x100.png/cc0000/ffffff,334-855-4152
Elton Strang,estrangcf@lulu.com,http://dummyimage.com/112x100.png/cc0000/ffffff,478-661-0616
Ignacio Prebble,iprebblecg@moonfruit.com,http://dummyimage.com/101x100.png/dddddd/000000,459-306-9281
Elyssa Gornar,egornarch@nhs.uk,http://dummyimage.com/185x100.png/5fa2dd/ffffff,333-700-8806
Debera Ahern,dahernci@pcworld.com,http://dummyimage.com/247x100.png/5fa2dd/ffffff,214-549-2203
Gilberto Reddington,greddingtoncj@dot.gov,http://dummyimage.com/148x100.png/5fa2dd/ffffff,471-927-2606
Wynny Amott,wamottck@freewebs.com,http://dummyimage.com/154x100.png/dddddd/000000,516-505-6492
Griff O'Halligan,gohalligancl@biblegateway.com,http://dummyimage.com/226x100.png/cc0000/ffffff,780-829-1727
Tracy Phipard-Shears,tphipardshearscm@wunderground.com,http://dummyimage.com/204x100.png/5fa2dd/ffffff,125-476-5065
Adelaida Cossell,acossellcn@shinystat.com,http://dummyimage.com/158x100.png/5fa2dd/ffffff,289-996-6436
Ulric Fairburne,ufairburneco@addtoany.com,http://dummyimage.com/194x100.png/dddddd/000000,713-206-4598
Hillyer Yewman,hyewmancp@amazon.de,http://dummyimage.com/166x100.png/cc0000/ffffff,618-884-3481
Annette Disbury,adisburycq@paypal.com,http://dummyimage.com/222x100.png/cc0000/ffffff,764-970-7639
Naomi Marler,nmarlercr@sphinn.com,http://dummyimage.com/231x100.png/dddddd/000000,119-315-7562
Michelina Triggle,mtrigglecs@newyorker.com,http://dummyimage.com/140x100.png/cc0000/ffffff,315-589-7321
Harri aManger,hamangerct@upenn.edu,http://dummyimage.com/223x100.png/dddddd/000000,228-395-7890
Corbin Tidy,ctidycu@storify.com,http://dummyimage.com/204x100.png/ff4444/ffffff,181-864-8682
Hyacinthe Wordesworth,hwordesworthcv@cdbaby.com,http://dummyimage.com/200x100.png/5fa2dd/ffffff,743-629-4543
Adrien Jamieson,ajamiesoncw@loc.gov,http://dummyimage.com/169x100.png/ff4444/ffffff,228-395-4481
Nicky Bewly,nbewlycx@google.it,http://dummyimage.com/177x100.png/cc0000/ffffff,553-805-5477
Pegeen Jantel,pjantelcy@drupal.org,http://dummyimage.com/206x100.png/dddddd/000000,945-501-7948
Berton O'Sheilds,bosheildscz@un.org,http://dummyimage.com/173x100.png/dddddd/000000,158-369-8744
Ransell Buxy,rbuxyd0@mediafire.com,http://dummyimage.com/246x100.png/5fa2dd/ffffff,221-169-9866
Tana Hovert,thovertd1@craigslist.org,http://dummyimage.com/223x100.png/dddddd/000000,304-959-8521
Renard Blazewicz,rblazewiczd2@stanford.edu,http://dummyimage.com/215x100.png/5fa2dd/ffffff,815-519-1789
Harley Shawcroft,hshawcroftd3@senate.gov,http://dummyimage.com/210x100.png/5fa2dd/ffffff,866-693-1102
Morissa Croxford,mcroxfordd4@cyberchimps.com,http://dummyimage.com/140x100.png/dddddd/000000,704-951-7176
Gene Boick,gboickd5@miibeian.gov.cn,http://dummyimage.com/236x100.png/5fa2dd/ffffff,609-431-8350
Mathian Dampier,mdampierd6@microsoft.com,http://dummyimage.com/104x100.png/dddddd/000000,405-275-2307
Mollee Coll,mcolld7@ft.com,http://dummyimage.com/149x100.png/ff4444/ffffff,361-187-4119
Janeva Novacek,jnovacekd8@infoseek.co.jp,http://dummyimage.com/163x100.png/cc0000/ffffff,267-759-8223
Justen Goseling,jgoselingd9@baidu.com,http://dummyimage.com/119x100.png/dddddd/000000,638-415-1561
Arlin Pickhaver,apickhaverda@w3.org,http://dummyimage.com/109x100.png/dddddd/000000,945-764-6433
Jorry Bonnin,jbonnindb@wordpress.com,http://dummyimage.com/177x100.png/dddddd/000000,581-252-4390
Johnathan Jimmes,jjimmesdc@live.com,http://dummyimage.com/141x100.png/dddddd/000000,152-152-6690
Sinclair Bardill,sbardilldd@smugmug.com,http://dummyimage.com/137x100.png/5fa2dd/ffffff,241-962-3625
Shurlock Rubenovic,srubenovicde@imdb.com,http://dummyimage.com/206x100.png/5fa2dd/ffffff,194-370-2279
Rudolph Fullerlove,rfullerlovedf@bizjournals.com,http://dummyimage.com/221x100.png/5fa2dd/ffffff,325-429-8076
Wake MacCostye,wmaccostyedg@loc.gov,http://dummyimage.com/165x100.png/cc0000/ffffff,588-208-6367
Gayle Bohlens,gbohlensdh@walmart.com,http://dummyimage.com/227x100.png/dddddd/000000,322-993-4587
Stanton Rowe,srowedi@amazon.de,http://dummyimage.com/156x100.png/cc0000/ffffff,465-564-8416
Chiarra Wakenshaw,cwakenshawdj@ustream.tv,http://dummyimage.com/171x100.png/ff4444/ffffff,900-999-7063
Dinah Livingstone,dlivingstonedk@bluehost.com,http://dummyimage.com/156x100.png/dddddd/000000,676-263-9170
Adriena Abramsky,aabramskydl@usatoday.com,http://dummyimage.com/108x100.png/dddddd/000000,860-454-0085
Trixie Yackiminie,tyackiminiedm@rediff.com,http://dummyimage.com/110x100.png/ff4444/ffffff,665-261-9888
Cristen Sigart,csigartdn@xing.com,http://dummyimage.com/226x100.png/5fa2dd/ffffff,400-826-7399
Mildred O'Hear,moheardo@phoca.cz,http://dummyimage.com/190x100.png/ff4444/ffffff,507-369-2022
Farica Poulglais,fpoulglaisdp@fc2.com,http://dummyimage.com/122x100.png/dddddd/000000,202-918-5537
Dollie Hache,dhachedq@netlog.com,http://dummyimage.com/241x100.png/dddddd/000000,130-390-8727
Brian Dufton,bduftondr@alibaba.com,http://dummyimage.com/147x100.png/dddddd/000000,708-972-6432
Paulette Burle,pburleds@gravatar.com,http://dummyimage.com/225x100.png/ff4444/ffffff,649-433-7218
Trula Boodell,tboodelldt@phoca.cz,http://dummyimage.com/109x100.png/cc0000/ffffff,158-566-7478
Winfred Flahy,wflahydu@utexas.edu,http://dummyimage.com/117x100.png/5fa2dd/ffffff,584-822-3890
Emlen Dibley,edibleydv@census.gov,http://dummyimage.com/199x100.png/cc0000/ffffff,785-625-1961
Carly Claeskens,cclaeskensdw@dedecms.com,http://dummyimage.com/156x100.png/ff4444/ffffff,626-637-2329
Norma Gavaran,ngavarandx@rakuten.co.jp,http://dummyimage.com/190x100.png/ff4444/ffffff,824-882-1308
Lowrance Shatford,lshatforddy@bandcamp.com,http://dummyimage.com/157x100.png/cc0000/ffffff,760-186-3108
Karena Ridgewell,kridgewelldz@paypal.com,http://dummyimage.com/221x100.png/dddddd/000000,786-998-9074
Roxane Daddow,rdaddowe0@sciencedaily.com,http://dummyimage.com/139x100.png/dddddd/000000,950-246-5852
Kennith Wearn,kwearne1@zdnet.com,http://dummyimage.com/174x100.png/cc0000/ffffff,966-650-0254
Meriel Sorbey,msorbeye2@japanpost.jp,http://dummyimage.com/180x100.png/ff4444/ffffff,577-779-9882
Magda Hurren,mhurrene3@wunderground.com,http://dummyimage.com/118x100.png/dddddd/000000,125-178-3202
Deana Lambin,dlambine4@1und1.de,http://dummyimage.com/132x100.png/ff4444/ffffff,358-813-0910
Dodi Addington,daddingtone5@liveinternet.ru,http://dummyimage.com/188x100.png/ff4444/ffffff,655-888-9969
Danya Ixer,dixere6@nsw.gov.au,http://dummyimage.com/187x100.png/dddddd/000000,630-800-3951
Nadia Prestwich,nprestwiche7@livejournal.com,http://dummyimage.com/176x100.png/dddddd/000000,531-802-2102
Dag Hingeley,dhingeleye8@studiopress.com,http://dummyimage.com/169x100.png/5fa2dd/ffffff,776-284-0407
Ros Lower,rlowere9@ning.com,http://dummyimage.com/116x100.png/ff4444/ffffff,592-411-8288
Tanney Matsell,tmatsellea@meetup.com,http://dummyimage.com/169x100.png/cc0000/ffffff,128-915-3476
Laverna Walczynski,lwalczynskieb@ebay.co.uk,http://dummyimage.com/114x100.png/dddddd/000000,294-885-2432
Dasie Cristoforetti,dcristoforettiec@answers.com,http://dummyimage.com/146x100.png/cc0000/ffffff,122-892-7064
Beatrisa McLeod,bmcleoded@ebay.com,http://dummyimage.com/232x100.png/5fa2dd/ffffff,483-581-6771
Lissy Riseborough,lriseboroughee@netvibes.com,http://dummyimage.com/101x100.png/5fa2dd/ffffff,981-385-9167
Kynthia McMylor,kmcmyloref@booking.com,http://dummyimage.com/129x100.png/dddddd/000000,189-399-4861
Bernie Trank,btrankeg@tumblr.com,http://dummyimage.com/173x100.png/cc0000/ffffff,185-157-4806
Giorgio Diemer,gdiemereh@acquirethisname.com,http://dummyimage.com/159x100.png/5fa2dd/ffffff,848-948-4946
Diannne Mainston,dmainstonei@dropbox.com,http://dummyimage.com/130x100.png/ff4444/ffffff,116-923-4977
Garrick Seacombe,gseacombeej@elpais.com,http://dummyimage.com/204x100.png/dddddd/000000,659-786-9296
Clarie Muzzillo,cmuzzilloek@lulu.com,http://dummyimage.com/194x100.png/dddddd/000000,159-824-6874
Jaime Poole,jpooleel@macromedia.com,http://dummyimage.com/160x100.png/cc0000/ffffff,691-768-5906
Phillipe Teck,pteckem@aol.com,http://dummyimage.com/201x100.png/5fa2dd/ffffff,856-197-0266
Maryellen Pickrell,mpickrellen@sphinn.com,http://dummyimage.com/218x100.png/dddddd/000000,938-175-6428
Adel Munson,amunsoneo@mapquest.com,http://dummyimage.com/114x100.png/ff4444/ffffff,977-588-2159
Ludovika Ferreira,lferreiraep@independent.co.uk,http://dummyimage.com/143x100.png/cc0000/ffffff,520-805-2943
Lemmy Smallpeice,lsmallpeiceeq@cargocollective.com,http://dummyimage.com/179x100.png/dddddd/000000,370-612-6743
Kim Dimitriou,kdimitriouer@acquirethisname.com,http://dummyimage.com/232x100.png/dddddd/000000,775-817-0164
Elbertine Wincom,ewincomes@usa.gov,http://dummyimage.com/154x100.png/cc0000/ffffff,200-584-7035
Patrice Mapes,pmapeset@disqus.com,http://dummyimage.com/114x100.png/dddddd/000000,105-832-1247
Pepito Madgewick,pmadgewickeu@va.gov,http://dummyimage.com/118x100.png/dddddd/000000,893-681-2959
Odessa Mullally,omullallyev@flickr.com,http://dummyimage.com/180x100.png/cc0000/ffffff,442-500-1104
Wayland Hebble,whebbleew@cdbaby.com,http://dummyimage.com/150x100.png/5fa2dd/ffffff,435-344-5659
Ronnie Sainthill,rsainthillex@mail.ru,http://dummyimage.com/204x100.png/cc0000/ffffff,493-370-6512
Kristopher Mariault,kmariaultey@whitehouse.gov,http://dummyimage.com/153x100.png/5fa2dd/ffffff,841-454-5759
Sabina Gerbl,sgerblez@webnode.com,http://dummyimage.com/243x100.png/dddddd/000000,877-112-2737
Cherise Topliss,ctoplissf0@ucoz.com,http://dummyimage.com/226x100.png/ff4444/ffffff,769-440-7631
Bayard Bulfoy,bbulfoyf1@washington.edu,http://dummyimage.com/178x100.png/5fa2dd/ffffff,132-767-3772
Drew Rappoport,drappoportf2@creativecommons.org,http://dummyimage.com/219x100.png/cc0000/ffffff,815-267-4761
Benetta Sweetsur,bsweetsurf3@purevolume.com,http://dummyimage.com/143x100.png/5fa2dd/ffffff,586-136-2020
Stillmann Carver,scarverf4@purevolume.com,http://dummyimage.com/153x100.png/cc0000/ffffff,794-839-5978
Matthieu Stileman,mstilemanf5@about.me,http://dummyimage.com/171x100.png/5fa2dd/ffffff,346-632-0038
Brodie Loyndon,bloyndonf6@utexas.edu,http://dummyimage.com/120x100.png/ff4444/ffffff,946-596-9399
Leonid Georgel,lgeorgelf7@si.edu,http://dummyimage.com/137x100.png/5fa2dd/ffffff,105-768-5236
Burl Swin,bswinf8@hud.gov,http://dummyimage.com/179x100.png/ff4444/ffffff,184-577-0095
Sigismundo O'Dulchonta,sodulchontaf9@usatoday.com,http://dummyimage.com/242x100.png/dddddd/000000,211-591-9451
Lauren Didsbury,ldidsburyfa@dagondesign.com,http://dummyimage.com/121x100.png/ff4444/ffffff,305-785-6286
Kincaid Warstall,kwarstallfb@dyndns.org,http://dummyimage.com/177x100.png/5fa2dd/ffffff,782-249-3824
Clim Tregensoe,ctregensoefc@walmart.com,http://dummyimage.com/203x100.png/cc0000/ffffff,803-713-8730
Kattie Waters,kwatersfd@berkeley.edu,http://dummyimage.com/227x100.png/ff4444/ffffff,875-179-2402
Eyde Bortoluzzi,ebortoluzzife@google.ru,http://dummyimage.com/156x100.png/ff4444/ffffff,714-715-8822
Jemie Posselt,jposseltff@livejournal.com,http://dummyimage.com/120x100.png/5fa2dd/ffffff,265-937-2789
Federico Treacher,ftreacherfg@bloglines.com,http://dummyimage.com/238x100.png/ff4444/ffffff,130-426-6695
Lindon Jeyness,ljeynessfh@webeden.co.uk,http://dummyimage.com/173x100.png/ff4444/ffffff,674-881-6141
Karla Hooke,khookefi@parallels.com,http://dummyimage.com/185x100.png/cc0000/ffffff,550-707-1372
Aleece Odney,aodneyfj@cbc.ca,http://dummyimage.com/169x100.png/5fa2dd/ffffff,670-141-7422
Emelda Murch,emurchfk@shareasale.com,http://dummyimage.com/148x100.png/5fa2dd/ffffff,193-339-6459
Marcelia Champagne,mchampagnefl@typepad.com,http://dummyimage.com/188x100.png/dddddd/000000,521-831-8981
Montgomery MacKibbon,mmackibbonfm@google.com.au,http://dummyimage.com/186x100.png/dddddd/000000,365-833-0264
Cedric Maudett,cmaudettfn@usatoday.com,http://dummyimage.com/167x100.png/cc0000/ffffff,216-588-5649
Faunie Flight,fflightfo@php.net,http://dummyimage.com/111x100.png/cc0000/ffffff,359-519-3446
Maddie Longina,mlonginafp@mail.ru,http://dummyimage.com/180x100.png/5fa2dd/ffffff,352-611-6992
Harry Mattack,hmattackfq@is.gd,http://dummyimage.com/143x100.png/5fa2dd/ffffff,602-721-0337
Mufi O' Liddy,mofr@1688.com,http://dummyimage.com/229x100.png/dddddd/000000,876-489-1094
Devin Llewhellin,dllewhellinfs@flavors.me,http://dummyimage.com/139x100.png/dddddd/000000,744-190-9743
Antonio Storey,astoreyft@tripadvisor.com,http://dummyimage.com/172x100.png/dddddd/000000,530-352-6927
Rurik Gioani,rgioanifu@weibo.com,http://dummyimage.com/201x100.png/ff4444/ffffff,305-487-5338
Hilliard Costock,hcostockfv@mayoclinic.com,http://dummyimage.com/234x100.png/ff4444/ffffff,746-697-9171
Shaw Tenaunt,stenauntfw@facebook.com,http://dummyimage.com/172x100.png/5fa2dd/ffffff,500-258-0884
Tilly Motto,tmottofx@va.gov,http://dummyimage.com/213x100.png/cc0000/ffffff,208-974-5691
Judye Saiz,jsaizfy@webs.com,http://dummyimage.com/168x100.png/dddddd/000000,998-422-3386
Dorelle Cobley,dcobleyfz@ft.com,http://dummyimage.com/117x100.png/ff4444/ffffff,176-201-6147
Alfi Lovick,alovickg0@usnews.com,http://dummyimage.com/242x100.png/dddddd/000000,514-205-0114
Wayne Buie,wbuieg1@nyu.edu,http://dummyimage.com/143x100.png/5fa2dd/ffffff,820-402-1594
Patten Armin,parming2@samsung.com,http://dummyimage.com/243x100.png/5fa2dd/ffffff,206-802-9503
Jedd Beckhurst,jbeckhurstg3@noaa.gov,http://dummyimage.com/158x100.png/ff4444/ffffff,908-522-7673
Babbette Skelington,bskelingtong4@blinklist.com,http://dummyimage.com/216x100.png/ff4444/ffffff,792-965-5292
Owen Tayler,otaylerg5@altervista.org,http://dummyimage.com/120x100.png/ff4444/ffffff,448-212-4218
Jimmie Waples,jwaplesg6@gov.uk,http://dummyimage.com/131x100.png/dddddd/000000,718-967-7087
Temp Purseglove,tpursegloveg7@youtube.com,http://dummyimage.com/119x100.png/5fa2dd/ffffff,502-727-3047
Eliot Nail,enailg8@dell.com,http://dummyimage.com/215x100.png/cc0000/ffffff,959-672-9305
Onofredo Pavkovic,opavkovicg9@sina.com.cn,http://dummyimage.com/138x100.png/cc0000/ffffff,792-812-8612
Ofelia Anstiss,oanstissga@bloglines.com,http://dummyimage.com/183x100.png/dddddd/000000,430-359-3681
Pavia Priestley,ppriestleygb@blogs.com,http://dummyimage.com/145x100.png/dddddd/000000,121-775-7668
Tory Syfax,tsyfaxgc@pen.io,http://dummyimage.com/206x100.png/dddddd/000000,152-403-5804
Estella Hinstridge,ehinstridgegd@umn.edu,http://dummyimage.com/106x100.png/ff4444/ffffff,419-296-4606
Adi Quaif,aquaifge@webnode.com,http://dummyimage.com/220x100.png/5fa2dd/ffffff,493-628-0287
Pearline Sealeaf,psealeafgf@spotify.com,http://dummyimage.com/250x100.png/ff4444/ffffff,241-696-5245
Wilmette Chasson,wchassongg@skyrock.com,http://dummyimage.com/132x100.png/ff4444/ffffff,143-554-3373
Derward Bewsy,dbewsygh@nifty.com,http://dummyimage.com/125x100.png/5fa2dd/ffffff,991-341-0845
Martainn Carlet,mcarletgi@goodreads.com,http://dummyimage.com/239x100.png/dddddd/000000,857-300-8520
Izzy Callcott,icallcottgj@vimeo.com,http://dummyimage.com/134x100.png/5fa2dd/ffffff,685-326-6106
Estrella Haycock,ehaycockgk@cnet.com,http://dummyimage.com/244x100.png/ff4444/ffffff,735-590-0871
Burl Ogelbe,bogelbegl@stumbleupon.com,http://dummyimage.com/133x100.png/5fa2dd/ffffff,651-542-4803
Abner O'Sharry,aosharrygm@wisc.edu,http://dummyimage.com/188x100.png/5fa2dd/ffffff,586-239-1864
Winfield Grugerr,wgrugerrgn@ucla.edu,http://dummyimage.com/202x100.png/dddddd/000000,726-129-6493
Claudius Oswick,coswickgo@bizjournals.com,http://dummyimage.com/154x100.png/ff4444/ffffff,518-435-7447
Kelcey Crake,kcrakegp@skyrock.com,http://dummyimage.com/187x100.png/dddddd/000000,410-248-2606
Davon McElhinney,dmcelhinneygq@liveinternet.ru,http://dummyimage.com/171x100.png/5fa2dd/ffffff,474-716-2294
Homer Bew,hbewgr@tamu.edu,http://dummyimage.com/102x100.png/dddddd/000000,346-793-3956
Cleavland Blaza,cblazags@bloomberg.com,http://dummyimage.com/180x100.png/5fa2dd/ffffff,447-543-2551
Romola Checketts,rcheckettsgt@amazon.co.uk,http://dummyimage.com/233x100.png/5fa2dd/ffffff,747-564-7624
Ashlee Mumbray,amumbraygu@comcast.net,http://dummyimage.com/106x100.png/cc0000/ffffff,731-976-8396
Cullen Walker,cwalkergv@multiply.com,http://dummyimage.com/182x100.png/5fa2dd/ffffff,406-726-1428
Kimberly Blueman,kbluemangw@nytimes.com,http://dummyimage.com/246x100.png/cc0000/ffffff,200-366-2171
Nikaniki Howgego,nhowgegogx@constantcontact.com,http://dummyimage.com/143x100.png/ff4444/ffffff,876-604-4206
Caesar Torrance,ctorrancegy@archive.org,http://dummyimage.com/195x100.png/cc0000/ffffff,320-814-2378
Axel Seabrooke,aseabrookegz@sohu.com,http://dummyimage.com/141x100.png/5fa2dd/ffffff,245-951-3604
Leif Jeckells,ljeckellsh0@vistaprint.com,http://dummyimage.com/215x100.png/cc0000/ffffff,470-259-7007
Essie Niesing,eniesingh1@elpais.com,http://dummyimage.com/196x100.png/dddddd/000000,909-977-5998
Kylynn Beaston,kbeastonh2@opera.com,http://dummyimage.com/173x100.png/5fa2dd/ffffff,681-798-3103
Bobby Sreenan,bsreenanh3@sourceforge.net,http://dummyimage.com/219x100.png/dddddd/000000,702-660-6689
Teresina Meale,tmealeh4@loc.gov,http://dummyimage.com/243x100.png/dddddd/000000,230-925-3523
Beryl Sorrie,bsorrieh5@cnet.com,http://dummyimage.com/133x100.png/ff4444/ffffff,306-646-7702
Bruno Bytheway,bbythewayh6@gnu.org,http://dummyimage.com/163x100.png/ff4444/ffffff,964-373-0697
Christa Minero,cmineroh7@chron.com,http://dummyimage.com/211x100.png/5fa2dd/ffffff,681-304-2070
Augusta Inglesfield,ainglesfieldh8@skype.com,http://dummyimage.com/197x100.png/5fa2dd/ffffff,520-832-6616
Hewett Abraham,habrahamh9@blogs.com,http://dummyimage.com/225x100.png/5fa2dd/ffffff,246-397-3910
Linus Clarycott,lclarycottha@i2i.jp,http://dummyimage.com/110x100.png/5fa2dd/ffffff,250-848-4373
Allison Siburn,asiburnhb@studiopress.com,http://dummyimage.com/163x100.png/5fa2dd/ffffff,478-689-1594
Milty Grewar,mgrewarhc@europa.eu,http://dummyimage.com/204x100.png/5fa2dd/ffffff,787-213-4473
Lek Leathley,lleathleyhd@huffingtonpost.com,http://dummyimage.com/162x100.png/ff4444/ffffff,753-999-7419
Denna Quinet,dquinethe@wordpress.org,http://dummyimage.com/200x100.png/ff4444/ffffff,635-941-4594
Ediva Yukhnin,eyukhninhf@unesco.org,http://dummyimage.com/249x100.png/ff4444/ffffff,677-479-3936
Ced Methley,cmethleyhg@uol.com.br,http://dummyimage.com/170x100.png/cc0000/ffffff,847-502-4571
Kelsey Djakovic,kdjakovichh@g.co,http://dummyimage.com/214x100.png/5fa2dd/ffffff,103-308-7060
Morton Patershall,mpatershallhi@gmpg.org,http://dummyimage.com/110x100.png/dddddd/000000,388-867-8685
Gage Faloon,gfaloonhj@spotify.com,http://dummyimage.com/224x100.png/ff4444/ffffff,536-387-7842
Kettie Berthomier,kberthomierhk@mit.edu,http://dummyimage.com/209x100.png/5fa2dd/ffffff,293-957-9152
Killian Vicioso,kviciosohl@engadget.com,http://dummyimage.com/185x100.png/5fa2dd/ffffff,702-776-7729
Meridel Saynor,msaynorhm@linkedin.com,http://dummyimage.com/139x100.png/dddddd/000000,287-472-4818
Grissel Hughill,ghughillhn@usatoday.com,http://dummyimage.com/131x100.png/ff4444/ffffff,658-222-3448
Bordie Sivier,bsivierho@163.com,http://dummyimage.com/114x100.png/ff4444/ffffff,998-241-9618
Cecelia Trevino,ctrevinohp@webnode.com,http://dummyimage.com/166x100.png/dddddd/000000,572-469-6400
Kaleena Bachshell,kbachshellhq@usnews.com,http://dummyimage.com/214x100.png/cc0000/ffffff,304-693-4285
Alida Lyston,alystonhr@naver.com,http://dummyimage.com/212x100.png/cc0000/ffffff,499-270-4819
Niki Hallex,nhallexhs@cam.ac.uk,http://dummyimage.com/165x100.png/ff4444/ffffff,366-219-6009
Tisha Birkmyr,tbirkmyrht@tripod.com,http://dummyimage.com/181x100.png/5fa2dd/ffffff,349-688-6545
Gunar Summergill,gsummergillhu@blogspot.com,http://dummyimage.com/230x100.png/ff4444/ffffff,649-656-4332
Garvin Drain,gdrainhv@slideshare.net,http://dummyimage.com/228x100.png/5fa2dd/ffffff,900-383-8112
Claudell Wagnerin,cwagnerinhw@woothemes.com,http://dummyimage.com/246x100.png/cc0000/ffffff,241-286-7569
Haydon Smallridge,hsmallridgehx@loc.gov,http://dummyimage.com/176x100.png/ff4444/ffffff,571-987-6661
Dyan Kinnard,dkinnardhy@phpbb.com,http://dummyimage.com/210x100.png/5fa2dd/ffffff,712-824-6409
Reggi Rubens,rrubenshz@alexa.com,http://dummyimage.com/220x100.png/dddddd/000000,833-252-1904
Rivi Gook,rgooki0@gnu.org,http://dummyimage.com/161x100.png/ff4444/ffffff,803-788-8378
Stacie Cocking,scockingi1@youku.com,http://dummyimage.com/139x100.png/dddddd/000000,112-871-4704
Doretta Petrou,dpetroui2@prnewswire.com,http://dummyimage.com/240x100.png/ff4444/ffffff,722-236-8863
Cortie O'Keenan,cokeenani3@bigcartel.com,http://dummyimage.com/165x100.png/dddddd/000000,982-568-9891
Myranda Callaway,mcallawayi4@github.com,http://dummyimage.com/127x100.png/ff4444/ffffff,424-809-9730
Ricki Dulson,rdulsoni5@disqus.com,http://dummyimage.com/224x100.png/5fa2dd/ffffff,745-662-7257
Ninette Reston,nrestoni6@netscape.com,http://dummyimage.com/152x100.png/5fa2dd/ffffff,533-218-6329
Pieter Gotcliffe,pgotcliffei7@economist.com,http://dummyimage.com/168x100.png/dddddd/000000,110-514-8451
Jacquetta Josephs,jjosephsi8@php.net,http://dummyimage.com/147x100.png/dddddd/000000,887-719-5260
Timmi Saltmarshe,tsaltmarshei9@cam.ac.uk,http://dummyimage.com/181x100.png/5fa2dd/ffffff,248-228-9144
Georgy Rudwell,grudwellia@dot.gov,http://dummyimage.com/135x100.png/dddddd/000000,868-353-7019
Queenie Faulconbridge,qfaulconbridgeib@dyndns.org,http://dummyimage.com/150x100.png/cc0000/ffffff,829-796-9970
Rozalin Thowes,rthowesic@infoseek.co.jp,http://dummyimage.com/240x100.png/dddddd/000000,722-775-8315
Ailey Hasloch,ahaslochid@cam.ac.uk,http://dummyimage.com/239x100.png/ff4444/ffffff,565-159-6918
Frans Twort,ftwortie@yelp.com,http://dummyimage.com/214x100.png/ff4444/ffffff,358-372-3307
Clemence Stenner,cstennerif@shareasale.com,http://dummyimage.com/148x100.png/5fa2dd/ffffff,270-347-1883
Had Bertolaccini,hbertolacciniig@stumbleupon.com,http://dummyimage.com/164x100.png/dddddd/000000,817-472-0268
Padraic Gallo,pgalloih@huffingtonpost.com,http://dummyimage.com/206x100.png/5fa2dd/ffffff,818-266-2731
Layton Puttan,lputtanii@acquirethisname.com,http://dummyimage.com/205x100.png/5fa2dd/ffffff,992-420-1453
Humfrid Edinburgh,hedinburghij@businessweek.com,http://dummyimage.com/151x100.png/ff4444/ffffff,847-242-9251
Amble Lavin,alavinik@state.tx.us,http://dummyimage.com/118x100.png/dddddd/000000,354-387-3320
Aleen Vondrak,avondrakil@tripod.com,http://dummyimage.com/196x100.png/dddddd/000000,504-925-1940
Aldric Glading,agladingim@prweb.com,http://dummyimage.com/103x100.png/5fa2dd/ffffff,378-802-5886
Mariellen Ettridge,mettridgein@jigsy.com,http://dummyimage.com/205x100.png/cc0000/ffffff,338-886-4822
Binnie Mac Geaney,bmacio@t.co,http://dummyimage.com/108x100.png/5fa2dd/ffffff,401-500-6016
Welsh Matisoff,wmatisoffip@paypal.com,http://dummyimage.com/159x100.png/dddddd/000000,702-656-8327
Edouard Ropp,eroppiq@wunderground.com,http://dummyimage.com/118x100.png/dddddd/000000,335-127-6850
Otis Fraczak,ofraczakir@github.io,http://dummyimage.com/178x100.png/cc0000/ffffff,178-987-0561
Bellina Warlaw,bwarlawis@printfriendly.com,http://dummyimage.com/119x100.png/5fa2dd/ffffff,985-467-0163
Zena Heijnen,zheijnenit@cnbc.com,http://dummyimage.com/245x100.png/5fa2dd/ffffff,909-809-6961
Uta Dimitresco,udimitrescoiu@vimeo.com,http://dummyimage.com/209x100.png/cc0000/ffffff,546-222-0363
Amandie Gerwood,agerwoodiv@printfriendly.com,http://dummyimage.com/247x100.png/cc0000/ffffff,408-976-1445
Kalindi Drewett,kdrewettiw@domainmarket.com,http://dummyimage.com/178x100.png/cc0000/ffffff,555-865-2472
Roxie Linnard,rlinnardix@weibo.com,http://dummyimage.com/239x100.png/dddddd/000000,398-661-7895
Karyn Guarin,kguariniy@ted.com,http://dummyimage.com/232x100.png/cc0000/ffffff,285-178-7630
Lebbie Erasmus,lerasmusiz@mapquest.com,http://dummyimage.com/128x100.png/ff4444/ffffff,786-159-9446
Lucius McCarlie,lmccarliej0@friendfeed.com,http://dummyimage.com/117x100.png/cc0000/ffffff,412-803-1184
Jolene Potteril,jpotterilj1@theglobeandmail.com,http://dummyimage.com/201x100.png/5fa2dd/ffffff,685-718-2569
Marigold Shakspeare,mshakspearej2@google.it,http://dummyimage.com/131x100.png/dddddd/000000,238-898-0160
Deeann Bradwell,dbradwellj3@google.cn,http://dummyimage.com/209x100.png/cc0000/ffffff,549-405-1227
Polly Tenaunt,ptenauntj4@chronoengine.com,http://dummyimage.com/189x100.png/dddddd/000000,305-566-8380
Maribelle Gwilliams,mgwilliamsj5@phpbb.com,http://dummyimage.com/146x100.png/ff4444/ffffff,833-333-9564
Mariette Burcher,mburcherj6@gov.uk,http://dummyimage.com/123x100.png/dddddd/000000,463-179-6778
Callean Antonellini,cantonellinij7@facebook.com,http://dummyimage.com/241x100.png/dddddd/000000,373-388-6863
Jocko McGrayle,jmcgraylej8@clickbank.net,http://dummyimage.com/210x100.png/5fa2dd/ffffff,771-140-0721
Niall Bertelmot,nbertelmotj9@cyberchimps.com,http://dummyimage.com/147x100.png/ff4444/ffffff,445-810-8950
Kailey Hulett,khulettja@booking.com,http://dummyimage.com/242x100.png/5fa2dd/ffffff,587-650-8913
Cletis Vanacci,cvanaccijb@globo.com,http://dummyimage.com/209x100.png/cc0000/ffffff,159-276-4448
Nelli Luckett,nluckettjc@thetimes.co.uk,http://dummyimage.com/246x100.png/5fa2dd/ffffff,522-363-6434
Marcile Kanzler,mkanzlerjd@csmonitor.com,http://dummyimage.com/201x100.png/ff4444/ffffff,530-111-2024
Tasha Bousfield,tbousfieldje@jiathis.com,http://dummyimage.com/205x100.png/ff4444/ffffff,809-683-3490
Thea Auden,taudenjf@mozilla.org,http://dummyimage.com/104x100.png/cc0000/ffffff,153-730-3405
Ardyce Tettley,atettleyjg@youtube.com,http://dummyimage.com/102x100.png/dddddd/000000,908-365-1641
Patty Kristof,pkristofjh@wikispaces.com,http://dummyimage.com/229x100.png/ff4444/ffffff,997-924-4260
Lisle Danilenko,ldanilenkoji@squidoo.com,http://dummyimage.com/202x100.png/5fa2dd/ffffff,665-147-8094
Bail Corcoran,bcorcoranjj@csmonitor.com,http://dummyimage.com/222x100.png/ff4444/ffffff,945-309-3444
Harbert Walkington,hwalkingtonjk@wiley.com,http://dummyimage.com/164x100.png/dddddd/000000,583-674-9474
Antonio Ruffles,arufflesjl@qq.com,http://dummyimage.com/167x100.png/ff4444/ffffff,807-205-6004
Atlante Hiskey,ahiskeyjm@gizmodo.com,http://dummyimage.com/238x100.png/5fa2dd/ffffff,628-736-5811
Serena Ivanyukov,sivanyukovjn@creativecommons.org,http://dummyimage.com/248x100.png/dddddd/000000,132-179-2814
Jared Portress,jportressjo@reference.com,http://dummyimage.com/131x100.png/ff4444/ffffff,684-951-3616
Kristien Barrand,kbarrandjp@nps.gov,http://dummyimage.com/169x100.png/dddddd/000000,754-969-7299
Ginny Moulds,gmouldsjq@privacy.gov.au,http://dummyimage.com/226x100.png/5fa2dd/ffffff,854-980-3137
Winona Ronci,wroncijr@engadget.com,http://dummyimage.com/214x100.png/ff4444/ffffff,707-849-7579
Brittan Vasilyevski,bvasilyevskijs@quantcast.com,http://dummyimage.com/155x100.png/ff4444/ffffff,478-574-8363
Codi Melley,cmelleyjt@java.com,http://dummyimage.com/138x100.png/5fa2dd/ffffff,807-828-1131
Antonia Overstreet,aoverstreetju@chicagotribune.com,http://dummyimage.com/158x100.png/cc0000/ffffff,697-791-5874
Marcile Hartegan,mharteganjv@soundcloud.com,http://dummyimage.com/165x100.png/ff4444/ffffff,234-230-7066
Berty Kyne,bkynejw@aol.com,http://dummyimage.com/239x100.png/ff4444/ffffff,291-839-1283
Rosita Kezar,rkezarjx@storify.com,http://dummyimage.com/220x100.png/dddddd/000000,647-256-9187
Sibley Shilling,sshillingjy@home.pl,http://dummyimage.com/188x100.png/ff4444/ffffff,356-283-1517
Ann-marie Penhalurick,apenhalurickjz@linkedin.com,http://dummyimage.com/146x100.png/ff4444/ffffff,442-278-9432
Daffi Canto,dcantok0@opensource.org,http://dummyimage.com/125x100.png/ff4444/ffffff,290-810-2967
Fitz Brumby,fbrumbyk1@ft.com,http://dummyimage.com/193x100.png/5fa2dd/ffffff,944-719-5132
Bancroft Glenfield,bglenfieldk2@newsvine.com,http://dummyimage.com/162x100.png/dddddd/000000,346-593-7985
Ahmad Gloyens,agloyensk3@w3.org,http://dummyimage.com/174x100.png/dddddd/000000,422-668-5663
Karalee MacAdie,kmacadiek4@va.gov,http://dummyimage.com/118x100.png/dddddd/000000,208-899-4501
Maggi Coysh,mcoyshk5@mashable.com,http://dummyimage.com/229x100.png/dddddd/000000,329-552-9861
Agnesse Smeeth,asmeethk6@deliciousdays.com,http://dummyimage.com/131x100.png/5fa2dd/ffffff,801-496-5124
Dorothea Abrahams,dabrahamsk7@businessinsider.com,http://dummyimage.com/247x100.png/5fa2dd/ffffff,782-181-8575
Whitney Densham,wdenshamk8@independent.co.uk,http://dummyimage.com/175x100.png/cc0000/ffffff,610-307-7390
Jase Westhead,jwestheadk9@businesswire.com,http://dummyimage.com/190x100.png/dddddd/000000,506-865-7158
Carl Middleton,cmiddletonka@cbsnews.com,http://dummyimage.com/198x100.png/ff4444/ffffff,549-706-3030
Tanney Acres,tacreskb@bing.com,http://dummyimage.com/128x100.png/5fa2dd/ffffff,987-359-7306
Nance Carle,ncarlekc@e-recht24.de,http://dummyimage.com/134x100.png/ff4444/ffffff,796-256-0101
Hermann Creese,hcreesekd@auda.org.au,http://dummyimage.com/225x100.png/5fa2dd/ffffff,274-827-3449
Benni Collelton,bcolleltonke@usa.gov,http://dummyimage.com/151x100.png/ff4444/ffffff,307-264-7709
Galvan Simm,gsimmkf@ca.gov,http://dummyimage.com/188x100.png/5fa2dd/ffffff,504-517-6638
Obadias Klicher,oklicherkg@cyberchimps.com,http://dummyimage.com/213x100.png/dddddd/000000,978-299-3523
Townsend Powder,tpowderkh@msn.com,http://dummyimage.com/239x100.png/5fa2dd/ffffff,208-900-4955
Rhona Bonick,rbonickki@godaddy.com,http://dummyimage.com/192x100.png/cc0000/ffffff,186-842-7367
Neall Fewlass,nfewlasskj@springer.com,http://dummyimage.com/225x100.png/cc0000/ffffff,260-626-3949
Carole Lusher,clusherkk@princeton.edu,http://dummyimage.com/234x100.png/cc0000/ffffff,550-585-5406
Farica Walton,fwaltonkl@deliciousdays.com,http://dummyimage.com/192x100.png/cc0000/ffffff,859-413-9681
Kristo Marjanski,kmarjanskikm@gmpg.org,http://dummyimage.com/191x100.png/5fa2dd/ffffff,454-655-8589
Harland Frossell,hfrossellkn@abc.net.au,http://dummyimage.com/182x100.png/dddddd/000000,122-593-8795
Eryn Gairdner,egairdnerko@berkeley.edu,http://dummyimage.com/209x100.png/5fa2dd/ffffff,922-774-5890
Casie Baus,cbauskp@google.com.au,http://dummyimage.com/245x100.png/cc0000/ffffff,901-735-9771
Maynard Ames,mameskq@un.org,http://dummyimage.com/152x100.png/cc0000/ffffff,219-901-1930
Filmer Verbeke,fverbekekr@nasa.gov,http://dummyimage.com/131x100.png/5fa2dd/ffffff,376-240-5945
Jorey Wilde,jwildeks@eventbrite.com,http://dummyimage.com/224x100.png/cc0000/ffffff,183-598-7408
Alberto Charrington,acharringtonkt@amazon.de,http://dummyimage.com/197x100.png/5fa2dd/ffffff,101-300-6144
Belia Methringham,bmethringhamku@sun.com,http://dummyimage.com/227x100.png/dddddd/000000,764-433-9796
Cordy Cicculini,ccicculinikv@usatoday.com,http://dummyimage.com/138x100.png/dddddd/000000,932-954-5093
Rochella Ruslin,rruslinkw@thetimes.co.uk,http://dummyimage.com/136x100.png/dddddd/000000,789-425-8085
Petra Montrose,pmontrosekx@fda.gov,http://dummyimage.com/107x100.png/5fa2dd/ffffff,502-663-2768
Garland Ucceli,gucceliky@webmd.com,http://dummyimage.com/221x100.png/5fa2dd/ffffff,542-359-9012
Florrie Gress,fgresskz@addtoany.com,http://dummyimage.com/237x100.png/dddddd/000000,900-196-8549
Gordy Ayris,gayrisl0@live.com,http://dummyimage.com/237x100.png/cc0000/ffffff,258-301-0624
Gran Millins,gmillinsl1@buzzfeed.com,http://dummyimage.com/227x100.png/5fa2dd/ffffff,812-405-4068
Blakelee Orcott,borcottl2@yellowbook.com,http://dummyimage.com/206x100.png/ff4444/ffffff,757-149-0270
Jonell Lewinton,jlewintonl3@cnbc.com,http://dummyimage.com/125x100.png/5fa2dd/ffffff,635-851-7304
Irwinn Pashe,ipashel4@latimes.com,http://dummyimage.com/172x100.png/dddddd/000000,771-994-1036
Giorgio Katz,gkatzl5@photobucket.com,http://dummyimage.com/219x100.png/ff4444/ffffff,856-260-0833
Prudi Westcot,pwestcotl6@cdbaby.com,http://dummyimage.com/201x100.png/cc0000/ffffff,699-602-8374
Gay Petrolli,gpetrollil7@kickstarter.com,http://dummyimage.com/218x100.png/5fa2dd/ffffff,388-359-8734
Ibby Crisp,icrispl8@nsw.gov.au,http://dummyimage.com/110x100.png/cc0000/ffffff,686-737-9942
Ruthanne Overstall,roverstalll9@spiegel.de,http://dummyimage.com/165x100.png/ff4444/ffffff,980-502-8343
Chester Brandenburg,cbrandenburgla@umn.edu,http://dummyimage.com/155x100.png/cc0000/ffffff,643-948-1074
Hort Rabson,hrabsonlb@cdbaby.com,http://dummyimage.com/108x100.png/cc0000/ffffff,635-942-6431
Julie Teresse,jteresselc@bbb.org,http://dummyimage.com/141x100.png/5fa2dd/ffffff,684-595-4020
Wilmer Scaplehorn,wscaplehornld@walmart.com,http://dummyimage.com/147x100.png/ff4444/ffffff,510-747-1595
Mildred Fawks,mfawksle@amazon.de,http://dummyimage.com/122x100.png/5fa2dd/ffffff,879-684-6589
Swen Maffin,smaffinlf@va.gov,http://dummyimage.com/145x100.png/cc0000/ffffff,869-919-7385
Wyndham Boken,wbokenlg@blogtalkradio.com,http://dummyimage.com/247x100.png/dddddd/000000,783-662-1274
Drucy O' Ronan,dolh@com.com,http://dummyimage.com/236x100.png/5fa2dd/ffffff,141-630-7487
Dennet Shivlin,dshivlinli@phoca.cz,http://dummyimage.com/223x100.png/5fa2dd/ffffff,162-259-4812
Ema Dorsey,edorseylj@europa.eu,http://dummyimage.com/168x100.png/ff4444/ffffff,573-469-9056
Cecil Cafferty,ccaffertylk@dailymail.co.uk,http://dummyimage.com/164x100.png/ff4444/ffffff,329-151-0245
Clare Saunders,csaundersll@noaa.gov,http://dummyimage.com/151x100.png/dddddd/000000,377-871-1633
Lena O'Sheerin,losheerinlm@princeton.edu,http://dummyimage.com/174x100.png/5fa2dd/ffffff,212-250-6710
Rhianon Badrick,rbadrickln@auda.org.au,http://dummyimage.com/149x100.png/ff4444/ffffff,272-745-9021
Thornie Arsnell,tarsnelllo@ca.gov,http://dummyimage.com/170x100.png/dddddd/000000,570-217-4917
Audre Chichgar,achichgarlp@simplemachines.org,http://dummyimage.com/135x100.png/cc0000/ffffff,297-945-3565
Percival Faulds,pfauldslq@i2i.jp,http://dummyimage.com/240x100.png/5fa2dd/ffffff,133-771-4799
Corty Pavic,cpaviclr@lulu.com,http://dummyimage.com/233x100.png/ff4444/ffffff,249-331-9827
Martica Townson,mtownsonls@amazon.co.jp,http://dummyimage.com/167x100.png/ff4444/ffffff,558-829-2558
Lorna Jaqueminet,ljaqueminetlt@163.com,http://dummyimage.com/162x100.png/dddddd/000000,381-813-5105
Elke Carney,ecarneylu@i2i.jp,http://dummyimage.com/245x100.png/dddddd/000000,686-228-3913
Carmelia Peterffy,cpeterffylv@imdb.com,http://dummyimage.com/122x100.png/dddddd/000000,973-149-8322
Darrick Coolbear,dcoolbearlw@hhs.gov,http://dummyimage.com/150x100.png/ff4444/ffffff,479-329-7687
Emmi Fydoe,efydoelx@nydailynews.com,http://dummyimage.com/202x100.png/dddddd/000000,562-357-9738
Isidro Twinbourne,itwinbournely@marriott.com,http://dummyimage.com/146x100.png/dddddd/000000,155-819-0099
Daune Carl,dcarllz@kickstarter.com,http://dummyimage.com/127x100.png/5fa2dd/ffffff,540-314-3192
Hobey Vlach,hvlachm0@bloglovin.com,http://dummyimage.com/207x100.png/dddddd/000000,795-725-0473
Harmonia Poznanski,hpoznanskim1@nydailynews.com,http://dummyimage.com/101x100.png/ff4444/ffffff,202-550-6022
Vivyan Coupman,vcoupmanm2@chronoengine.com,http://dummyimage.com/203x100.png/5fa2dd/ffffff,519-667-7319
Brett Bohlens,bbohlensm3@salon.com,http://dummyimage.com/240x100.png/5fa2dd/ffffff,154-378-3083
Dion Eliaz,deliazm4@etsy.com,http://dummyimage.com/247x100.png/dddddd/000000,649-387-6996
Maible Geddes,mgeddesm5@admin.ch,http://dummyimage.com/180x100.png/cc0000/ffffff,812-254-5701
Alexandre Franzotto,afranzottom6@unblog.fr,http://dummyimage.com/127x100.png/5fa2dd/ffffff,818-575-3206
Sonnie Camous,scamousm7@unblog.fr,http://dummyimage.com/205x100.png/5fa2dd/ffffff,196-734-1039
Osbert Watt,owattm8@ovh.net,http://dummyimage.com/173x100.png/cc0000/ffffff,513-138-7745
Lazarus Elloy,lelloym9@epa.gov,http://dummyimage.com/146x100.png/5fa2dd/ffffff,696-188-6556
Burke Skin,bskinma@ox.ac.uk,http://dummyimage.com/117x100.png/ff4444/ffffff,809-248-0778
Lucius Cheston,lchestonmb@ftc.gov,http://dummyimage.com/210x100.png/ff4444/ffffff,743-915-2130
Roxana Ofer,rofermc@disqus.com,http://dummyimage.com/236x100.png/5fa2dd/ffffff,984-941-9354
Herb Foulds,hfouldsmd@bizjournals.com,http://dummyimage.com/146x100.png/5fa2dd/ffffff,298-698-2122
Stern Blaxall,sblaxallme@edublogs.org,http://dummyimage.com/183x100.png/dddddd/000000,579-597-3420
Layla Hourahan,lhourahanmf@gnu.org,http://dummyimage.com/206x100.png/5fa2dd/ffffff,623-425-7287
Edi Spinney,espinneymg@nyu.edu,http://dummyimage.com/223x100.png/ff4444/ffffff,412-448-4991
Alana Fairlie,afairliemh@google.co.jp,http://dummyimage.com/243x100.png/dddddd/000000,628-117-0414
Micky Cuss,mcussmi@topsy.com,http://dummyimage.com/230x100.png/cc0000/ffffff,740-529-4435
Layney Lovat,llovatmj@intel.com,http://dummyimage.com/187x100.png/cc0000/ffffff,206-845-4819
Harwell Biaggelli,hbiaggellimk@fc2.com,http://dummyimage.com/208x100.png/cc0000/ffffff,958-507-3285
Norton Fieldhouse,nfieldhouseml@washingtonpost.com,http://dummyimage.com/236x100.png/dddddd/000000,635-129-5720
Joan Halegarth,jhalegarthmm@netscape.com,http://dummyimage.com/226x100.png/ff4444/ffffff,745-196-5598
Selig Dmisek,sdmisekmn@scientificamerican.com,http://dummyimage.com/186x100.png/cc0000/ffffff,688-791-1661
Rudie MacEnelly,rmacenellymo@dropbox.com,http://dummyimage.com/209x100.png/dddddd/000000,418-666-8607
Aviva Sanson,asansonmp@meetup.com,http://dummyimage.com/135x100.png/dddddd/000000,425-599-1456
Parsifal Coutts,pcouttsmq@columbia.edu,http://dummyimage.com/225x100.png/dddddd/000000,258-565-9798
Kirk Elford,kelfordmr@tumblr.com,http://dummyimage.com/131x100.png/cc0000/ffffff,452-552-2733
Madge Dobbie,mdobbiems@yahoo.co.jp,http://dummyimage.com/160x100.png/5fa2dd/ffffff,363-104-9021
Sonnnie Vezey,svezeymt@opensource.org,http://dummyimage.com/212x100.png/ff4444/ffffff,214-799-8028
Maressa Greengrass,mgreengrassmu@senate.gov,http://dummyimage.com/232x100.png/ff4444/ffffff,868-803-7605
Teresina Gumme,tgummemv@ftc.gov,http://dummyimage.com/190x100.png/5fa2dd/ffffff,362-615-4845
Genna Radke,gradkemw@go.com,http://dummyimage.com/129x100.png/dddddd/000000,756-487-3834
Cherry Choules,cchoulesmx@chron.com,http://dummyimage.com/121x100.png/5fa2dd/ffffff,577-752-4241
Stanwood Gadie,sgadiemy@com.com,http://dummyimage.com/178x100.png/5fa2dd/ffffff,694-809-0996
Lou Colgrave,lcolgravemz@theglobeandmail.com,http://dummyimage.com/226x100.png/5fa2dd/ffffff,372-594-4995
Gannon Strewthers,gstrewthersn0@google.pl,http://dummyimage.com/127x100.png/dddddd/000000,252-355-5561
Johannes Spoors,jspoorsn1@moonfruit.com,http://dummyimage.com/103x100.png/dddddd/000000,404-438-5387
Pierce Hammerberger,phammerbergern2@google.co.jp,http://dummyimage.com/199x100.png/5fa2dd/ffffff,303-777-7747
Mandy Walesby,mwalesbyn3@gov.uk,http://dummyimage.com/160x100.png/cc0000/ffffff,575-239-6821
Glenna Plowell,gplowelln4@pinterest.com,http://dummyimage.com/205x100.png/5fa2dd/ffffff,577-120-4109
Boniface Pickrell,bpickrelln5@mac.com,http://dummyimage.com/238x100.png/cc0000/ffffff,413-291-3485
Tabb Fretter,tfrettern6@google.com,http://dummyimage.com/178x100.png/dddddd/000000,963-406-0529
Putnem Shearsby,pshearsbyn7@123-reg.co.uk,http://dummyimage.com/184x100.png/dddddd/000000,165-510-0238
Wyn Birney,wbirneyn8@irs.gov,http://dummyimage.com/206x100.png/5fa2dd/ffffff,491-543-6351
Otto O'Hannay,oohannayn9@ucla.edu,http://dummyimage.com/197x100.png/5fa2dd/ffffff,181-784-2408
Shaylah Emberson,sembersonna@google.co.jp,http://dummyimage.com/200x100.png/5fa2dd/ffffff,860-351-1819
Natala Gibbens,ngibbensnb@github.com,http://dummyimage.com/151x100.png/5fa2dd/ffffff,217-923-0111
Willamina Tethacot,wtethacotnc@opensource.org,http://dummyimage.com/137x100.png/5fa2dd/ffffff,368-119-6622
Jenifer Kuschek,jkuscheknd@desdev.cn,http://dummyimage.com/157x100.png/cc0000/ffffff,629-743-2086
Louisette Losemann,llosemannne@edublogs.org,http://dummyimage.com/246x100.png/cc0000/ffffff,928-385-8006
Rafferty Morris,rmorrisnf@sfgate.com,http://dummyimage.com/130x100.png/ff4444/ffffff,862-487-1564
Norrie Hartzog,nhartzogng@discovery.com,http://dummyimage.com/184x100.png/cc0000/ffffff,940-877-5513
Kirk Kellaway,kkellawaynh@1688.com,http://dummyimage.com/117x100.png/dddddd/000000,188-413-6380
Halli Yancey,hyanceyni@nbcnews.com,http://dummyimage.com/161x100.png/5fa2dd/ffffff,276-280-3395
Eleanor Cadle,ecadlenj@house.gov,http://dummyimage.com/240x100.png/dddddd/000000,300-314-8583
Stearn Barks,sbarksnk@nhs.uk,http://dummyimage.com/199x100.png/ff4444/ffffff,925-991-9713
Hamish Bywaters,hbywatersnl@last.fm,http://dummyimage.com/247x100.png/dddddd/000000,814-141-7136
Heath Pilkington,hpilkingtonnm@toplist.cz,http://dummyimage.com/192x100.png/ff4444/ffffff,346-715-3069
Dyna Pellatt,dpellattnn@bloomberg.com,http://dummyimage.com/146x100.png/ff4444/ffffff,205-335-0780
Harv Wadeling,hwadelingno@princeton.edu,http://dummyimage.com/163x100.png/5fa2dd/ffffff,684-491-2863
Dorena Dudin,ddudinnp@miibeian.gov.cn,http://dummyimage.com/109x100.png/cc0000/ffffff,848-967-9024
Aurelie Bradburn,abradburnnq@imdb.com,http://dummyimage.com/145x100.png/dddddd/000000,718-759-5119
Luise Chalkly,lchalklynr@cmu.edu,http://dummyimage.com/181x100.png/cc0000/ffffff,442-387-5337
Hewie Hause,hhausens@elpais.com,http://dummyimage.com/124x100.png/dddddd/000000,369-909-8156
Johny Elmar,jelmarnt@earthlink.net,http://dummyimage.com/147x100.png/dddddd/000000,832-959-7070
Rivkah Lobell,rlobellnu@goo.ne.jp,http://dummyimage.com/172x100.png/ff4444/ffffff,773-763-4702
Briny Bride,bbridenv@umn.edu,http://dummyimage.com/147x100.png/ff4444/ffffff,267-859-2737
Donall Bloom,dbloomnw@51.la,http://dummyimage.com/226x100.png/ff4444/ffffff,777-122-7415
Birk O'Leary,bolearynx@com.com,http://dummyimage.com/196x100.png/dddddd/000000,159-333-3704
Jefferey Baker,jbakerny@miitbeian.gov.cn,http://dummyimage.com/190x100.png/ff4444/ffffff,469-186-8410
Cherise Gallagher,cgallaghernz@ft.com,http://dummyimage.com/160x100.png/dddddd/000000,178-181-1078
Ardelle MacCambridge,amaccambridgeo0@sun.com,http://dummyimage.com/191x100.png/5fa2dd/ffffff,863-578-7573
Michele Ciani,mcianio1@soup.io,http://dummyimage.com/216x100.png/dddddd/000000,307-291-7997
Reena Maxted,rmaxtedo2@gizmodo.com,http://dummyimage.com/187x100.png/ff4444/ffffff,596-151-0868
Clarice Gipp,cgippo3@wisc.edu,http://dummyimage.com/152x100.png/ff4444/ffffff,861-408-1789
Meghann Shead,msheado4@woothemes.com,http://dummyimage.com/135x100.png/cc0000/ffffff,739-155-6317
Heath Walcot,hwalcoto5@nih.gov,http://dummyimage.com/194x100.png/5fa2dd/ffffff,717-960-1103
Anabelle Caddies,acaddieso6@51.la,http://dummyimage.com/108x100.png/cc0000/ffffff,477-701-2054
Gunter Rozier,groziero7@va.gov,http://dummyimage.com/235x100.png/5fa2dd/ffffff,835-227-3802
Annice Graeber,agraebero8@google.nl,http://dummyimage.com/110x100.png/5fa2dd/ffffff,770-540-5820
Basilius Geraldini,bgeraldinio9@woothemes.com,http://dummyimage.com/129x100.png/dddddd/000000,622-282-1178
Cristin Gut,cgutoa@va.gov,http://dummyimage.com/123x100.png/ff4444/ffffff,910-313-1878
Ervin Westmorland,ewestmorlandob@wikimedia.org,http://dummyimage.com/134x100.png/ff4444/ffffff,249-746-3769
Corly Knoller,cknolleroc@earthlink.net,http://dummyimage.com/137x100.png/5fa2dd/ffffff,172-360-3472
Kassia Frunks,kfrunksod@fda.gov,http://dummyimage.com/199x100.png/cc0000/ffffff,732-240-0072
Wendie Huxstep,whuxstepoe@blogtalkradio.com,http://dummyimage.com/227x100.png/dddddd/000000,415-228-0412
Alaric Fairburn,afairburnof@indiegogo.com,http://dummyimage.com/101x100.png/5fa2dd/ffffff,341-539-7131
Heddie Brierly,hbrierlyog@tamu.edu,http://dummyimage.com/212x100.png/dddddd/000000,135-875-2016
Myrta Samways,msamwaysoh@dailymotion.com,http://dummyimage.com/235x100.png/ff4444/ffffff,100-298-5304
Esme Cinnamond,ecinnamondoi@amazon.co.uk,http://dummyimage.com/201x100.png/ff4444/ffffff,275-898-2713
Connie Withey,cwitheyoj@sciencedaily.com,http://dummyimage.com/169x100.png/cc0000/ffffff,712-177-2967
Steward Chin,schinok@spiegel.de,http://dummyimage.com/217x100.png/5fa2dd/ffffff,901-731-7338
Reinhard Titcumb,rtitcumbol@cnn.com,http://dummyimage.com/122x100.png/ff4444/ffffff,530-546-9545
Krispin Rumsby,krumsbyom@smh.com.au,http://dummyimage.com/194x100.png/ff4444/ffffff,359-140-9121
Elset Hindenburg,ehindenburgon@rediff.com,http://dummyimage.com/124x100.png/ff4444/ffffff,349-294-9773
Marjorie Gopsill,mgopsilloo@theatlantic.com,http://dummyimage.com/207x100.png/dddddd/000000,308-299-7086
Ilaire Gulc,igulcop@tumblr.com,http://dummyimage.com/142x100.png/cc0000/ffffff,224-622-4382
Simmonds Leabeater,sleabeateroq@economist.com,http://dummyimage.com/211x100.png/5fa2dd/ffffff,382-189-0155
Tildy Dahler,tdahleror@marriott.com,http://dummyimage.com/123x100.png/5fa2dd/ffffff,968-993-8567
Tammi Burgne,tburgneos@instagram.com,http://dummyimage.com/189x100.png/dddddd/000000,909-295-9842
Caritta Vanyatin,cvanyatinot@arizona.edu,http://dummyimage.com/113x100.png/cc0000/ffffff,193-349-6512
Augustus Frisby,afrisbyou@eventbrite.com,http://dummyimage.com/123x100.png/ff4444/ffffff,293-762-4421
Wadsworth Klesse,wklesseov@cyberchimps.com,http://dummyimage.com/234x100.png/5fa2dd/ffffff,605-672-8263
Orran Amis,oamisow@de.vu,http://dummyimage.com/113x100.png/dddddd/000000,260-294-3004
Sergeant Peachman,speachmanox@topsy.com,http://dummyimage.com/203x100.png/5fa2dd/ffffff,454-608-9349
Arabele Sydry,asydryoy@youtu.be,http://dummyimage.com/116x100.png/dddddd/000000,225-888-4009
Corey Cantle,ccantleoz@apple.com,http://dummyimage.com/213x100.png/5fa2dd/ffffff,410-693-1635
Devin Nelthorpe,dnelthorpep0@wired.com,http://dummyimage.com/203x100.png/cc0000/ffffff,790-178-2731
Fiann Keddle,fkeddlep1@adobe.com,http://dummyimage.com/149x100.png/dddddd/000000,845-941-6230
Tomasine Cajkler,tcajklerp2@sciencedirect.com,http://dummyimage.com/130x100.png/ff4444/ffffff,848-752-0092
Lesya Price,lpricep3@whitehouse.gov,http://dummyimage.com/102x100.png/ff4444/ffffff,689-157-8218
Elbertine Aiskovitch,eaiskovitchp4@time.com,http://dummyimage.com/245x100.png/ff4444/ffffff,627-767-3997
Leroy Skuce,lskucep5@merriam-webster.com,http://dummyimage.com/121x100.png/5fa2dd/ffffff,391-686-3150
Killie Abbs,kabbsp6@elegantthemes.com,http://dummyimage.com/111x100.png/cc0000/ffffff,391-435-3706
Billye Quest,bquestp7@wikia.com,http://dummyimage.com/202x100.png/ff4444/ffffff,549-188-0423
Corby Koche,ckochep8@walmart.com,http://dummyimage.com/146x100.png/ff4444/ffffff,685-625-0741
Allyn Swanne,aswannep9@webeden.co.uk,http://dummyimage.com/161x100.png/dddddd/000000,522-909-3465
Helaina De Hailes,hdepa@patch.com,http://dummyimage.com/217x100.png/dddddd/000000,659-558-3549
Barris Grubbe,bgrubbepb@weebly.com,http://dummyimage.com/176x100.png/5fa2dd/ffffff,289-152-5631
Deloris Branche,dbranchepc@goodreads.com,http://dummyimage.com/234x100.png/dddddd/000000,383-889-6825
Martin Bentjens,mbentjenspd@networksolutions.com,http://dummyimage.com/248x100.png/cc0000/ffffff,154-196-4343
Karola Chellam,kchellampe@zdnet.com,http://dummyimage.com/201x100.png/cc0000/ffffff,802-869-8613
Donetta Streeton,dstreetonpf@globo.com,http://dummyimage.com/146x100.png/dddddd/000000,771-954-4709
Millie Duxfield,mduxfieldpg@over-blog.com,http://dummyimage.com/110x100.png/ff4444/ffffff,335-461-4229
Nicko Wisedale,nwisedaleph@360.cn,http://dummyimage.com/239x100.png/5fa2dd/ffffff,118-651-5020
Pasquale Jobb,pjobbpi@yellowbook.com,http://dummyimage.com/209x100.png/5fa2dd/ffffff,737-557-5375
Colette Gamet,cgametpj@blogspot.com,http://dummyimage.com/198x100.png/ff4444/ffffff,642-373-3850
Ailina Carthew,acarthewpk@slashdot.org,http://dummyimage.com/136x100.png/cc0000/ffffff,148-907-9093
Hephzibah Conford,hconfordpl@parallels.com,http://dummyimage.com/114x100.png/cc0000/ffffff,448-513-7390
Leontyne Everist,leveristpm@tinyurl.com,http://dummyimage.com/148x100.png/dddddd/000000,548-767-3923
Georgeanna Emmines,gemminespn@shinystat.com,http://dummyimage.com/194x100.png/cc0000/ffffff,451-306-2453
Ray Dimitresco,rdimitrescopo@wufoo.com,http://dummyimage.com/166x100.png/5fa2dd/ffffff,603-744-9996
Nettle Mudie,nmudiepp@123-reg.co.uk,http://dummyimage.com/134x100.png/5fa2dd/ffffff,983-387-3296
Jeri Cohane,jcohanepq@com.com,http://dummyimage.com/208x100.png/dddddd/000000,304-745-4663
Zita Touzey,ztouzeypr@google.cn,http://dummyimage.com/132x100.png/cc0000/ffffff,559-125-1975
Camel Dreelan,cdreelanps@tmall.com,http://dummyimage.com/111x100.png/cc0000/ffffff,239-170-9941
Janeta Rouchy,jrouchypt@tripadvisor.com,http://dummyimage.com/215x100.png/dddddd/000000,517-384-7966
Ulrikaumeko Salandino,usalandinopu@patch.com,http://dummyimage.com/223x100.png/cc0000/ffffff,592-507-0099
Lucienne Dullard,ldullardpv@smugmug.com,http://dummyimage.com/201x100.png/5fa2dd/ffffff,859-414-4290
Hercule Hopfer,hhopferpw@wired.com,http://dummyimage.com/193x100.png/cc0000/ffffff,828-687-9857
Joey Spours,jspourspx@tiny.cc,http://dummyimage.com/129x100.png/cc0000/ffffff,713-140-2531
Stace Worthy,sworthypy@ox.ac.uk,http://dummyimage.com/171x100.png/ff4444/ffffff,386-718-6560
Sonja Oakes,soakespz@free.fr,http://dummyimage.com/221x100.png/5fa2dd/ffffff,613-233-9490
Alicea Deelay,adeelayq0@dagondesign.com,http://dummyimage.com/190x100.png/5fa2dd/ffffff,761-461-5785
Dewain Beavon,dbeavonq1@utexas.edu,http://dummyimage.com/193x100.png/dddddd/000000,559-176-8890
Zuzana Chave,zchaveq2@g.co,http://dummyimage.com/157x100.png/5fa2dd/ffffff,984-122-9840
Susannah Kuhne,skuhneq3@ning.com,http://dummyimage.com/105x100.png/dddddd/000000,634-231-7522
Nester Braidwood,nbraidwoodq4@ehow.com,http://dummyimage.com/160x100.png/dddddd/000000,584-664-5127
Clifford Donne,cdonneq5@pcworld.com,http://dummyimage.com/118x100.png/ff4444/ffffff,267-909-2230
Pennie Droogan,pdrooganq6@shinystat.com,http://dummyimage.com/207x100.png/dddddd/000000,696-788-1717
Loella Culpen,lculpenq7@cnbc.com,http://dummyimage.com/118x100.png/cc0000/ffffff,969-325-3444
Ephraim Sommer,esommerq8@gov.uk,http://dummyimage.com/118x100.png/ff4444/ffffff,695-328-0791
Xavier Macklam,xmacklamq9@bloglines.com,http://dummyimage.com/143x100.png/cc0000/ffffff,516-129-1527
Shellie Dearle,sdearleqa@51.la,http://dummyimage.com/152x100.png/ff4444/ffffff,424-390-6214
Murry Grishanov,mgrishanovqb@netscape.com,http://dummyimage.com/123x100.png/dddddd/000000,384-107-0985
Joye Postance,jpostanceqc@google.com,http://dummyimage.com/184x100.png/ff4444/ffffff,599-921-0822
Gloria Jessop,gjessopqd@imgur.com,http://dummyimage.com/161x100.png/ff4444/ffffff,903-514-9398
Humphrey Thurlbourne,hthurlbourneqe@mozilla.com,http://dummyimage.com/180x100.png/5fa2dd/ffffff,952-703-5789
Glennie Ebi,gebiqf@netlog.com,http://dummyimage.com/162x100.png/5fa2dd/ffffff,987-827-5507
Sigismondo Galego,sgalegoqg@unc.edu,http://dummyimage.com/245x100.png/dddddd/000000,647-388-8025
Myrna Pragnell,mpragnellqh@unblog.fr,http://dummyimage.com/104x100.png/cc0000/ffffff,155-624-3324
Concordia Cunnington,ccunningtonqi@rediff.com,http://dummyimage.com/233x100.png/cc0000/ffffff,892-516-0519
Rhoda Ridger,rridgerqj@geocities.com,http://dummyimage.com/104x100.png/ff4444/ffffff,805-605-2011
Ailsun Lockless,alocklessqk@discovery.com,http://dummyimage.com/127x100.png/dddddd/000000,575-691-6318
Faunie Mussolini,fmussoliniql@geocities.com,http://dummyimage.com/106x100.png/5fa2dd/ffffff,243-975-4811
Dionne Naile,dnaileqm@who.int,http://dummyimage.com/148x100.png/dddddd/000000,754-757-8582
Darryl Band,dbandqn@geocities.jp,http://dummyimage.com/250x100.png/ff4444/ffffff,818-752-6363
Barnabas Densey,bdenseyqo@stumbleupon.com,http://dummyimage.com/199x100.png/cc0000/ffffff,422-271-2138
Deanne Herion,dherionqp@census.gov,http://dummyimage.com/237x100.png/dddddd/000000,554-507-8701
Dreddy Cescotti,dcescottiqq@xing.com,http://dummyimage.com/145x100.png/cc0000/ffffff,238-729-7378
Katti Fransemai,kfransemaiqr@foxnews.com,http://dummyimage.com/221x100.png/5fa2dd/ffffff,322-273-7590
Ruby Ellsom,rellsomqs@scientificamerican.com,http://dummyimage.com/124x100.png/5fa2dd/ffffff,873-278-1236
Arlette Dummett,adummettqt@squidoo.com,http://dummyimage.com/130x100.png/dddddd/000000,290-250-2709
Aubry O'Cahill,aocahillqu@ca.gov,http://dummyimage.com/198x100.png/cc0000/ffffff,253-162-1928
Parke Bullman,pbullmanqv@seattletimes.com,http://dummyimage.com/128x100.png/ff4444/ffffff,507-906-7201
Dunc Shilling,dshillingqw@1688.com,http://dummyimage.com/218x100.png/ff4444/ffffff,691-263-0472
Iggy Dalloway,idallowayqx@51.la,http://dummyimage.com/107x100.png/dddddd/000000,374-517-9909
Lilly Hansbury,lhansburyqy@hexun.com,http://dummyimage.com/138x100.png/5fa2dd/ffffff,694-134-7951
Alfred Rosendahl,arosendahlqz@engadget.com,http://dummyimage.com/186x100.png/cc0000/ffffff,960-809-7654
Cassandra Smurfit,csmurfitr0@gnu.org,http://dummyimage.com/132x100.png/5fa2dd/ffffff,289-496-1899
Millisent Bendall,mbendallr1@seattletimes.com,http://dummyimage.com/174x100.png/dddddd/000000,667-625-0721
Brigg Bearblock,bbearblockr2@latimes.com,http://dummyimage.com/212x100.png/5fa2dd/ffffff,540-341-9661
Caprice Norwich,cnorwichr3@youtu.be,http://dummyimage.com/100x100.png/5fa2dd/ffffff,953-222-5215
Merline Revill,mrevillr4@qq.com,http://dummyimage.com/220x100.png/5fa2dd/ffffff,778-515-1216
Rossy Ponten,rpontenr5@newsvine.com,http://dummyimage.com/104x100.png/ff4444/ffffff,726-192-3394
Rustin Darnbrough,rdarnbroughr6@cam.ac.uk,http://dummyimage.com/157x100.png/cc0000/ffffff,657-921-5918
Tedd Rean,treanr7@tiny.cc,http://dummyimage.com/229x100.png/5fa2dd/ffffff,853-784-6476
Barrie Bedford,bbedfordr8@jalbum.net,http://dummyimage.com/111x100.png/cc0000/ffffff,489-249-4078
Feliza Gorner,fgornerr9@trellian.com,http://dummyimage.com/211x100.png/dddddd/000000,730-162-7253
Verena Driffill,vdriffillra@wikimedia.org,http://dummyimage.com/180x100.png/cc0000/ffffff,783-413-7540
Emilia Eloi,eeloirb@ucla.edu,http://dummyimage.com/123x100.png/ff4444/ffffff,173-999-3642
Elonore Batecok,ebatecokrc@storify.com,http://dummyimage.com/137x100.png/5fa2dd/ffffff,778-837-4328
Tommy Miroy,tmiroyrd@symantec.com,http://dummyimage.com/105x100.png/ff4444/ffffff,521-531-2619
Cory Adnam,cadnamre@upenn.edu,http://dummyimage.com/156x100.png/ff4444/ffffff,523-693-1054
Orren Rubinowitz,orubinowitzrf@admin.ch,http://dummyimage.com/236x100.png/cc0000/ffffff,858-912-9569
Annissa Hayden,ahaydenrg@bluehost.com,http://dummyimage.com/213x100.png/dddddd/000000,389-864-1965
Carlo Lelievre,clelievrerh@wisc.edu,http://dummyimage.com/136x100.png/cc0000/ffffff,221-130-6651
Doralia Akehurst,dakehurstri@instagram.com,http://dummyimage.com/192x100.png/5fa2dd/ffffff,508-472-2492
Jody Habershaw,jhabershawrj@businesswire.com,http://dummyimage.com/165x100.png/cc0000/ffffff,668-875-4820
Saraann Azam,sazamrk@upenn.edu,http://dummyimage.com/106x100.png/5fa2dd/ffffff,637-801-0821
Guglielma MacCole,gmaccolerl@ehow.com,http://dummyimage.com/215x100.png/5fa2dd/ffffff,358-825-8336
Dasi Greenhead,dgreenheadrm@drupal.org,http://dummyimage.com/171x100.png/5fa2dd/ffffff,419-302-7917
Ebeneser Longcaster,elongcasterrn@google.com.hk,http://dummyimage.com/136x100.png/dddddd/000000,291-812-1975
George MacKnockiter,gmacknockiterro@ftc.gov,http://dummyimage.com/183x100.png/dddddd/000000,400-844-1985
Bernete Elks,belksrp@salon.com,http://dummyimage.com/105x100.png/dddddd/000000,119-309-1003
Gayle Risbridge,grisbridgerq@w3.org,http://dummyimage.com/186x100.png/ff4444/ffffff,307-891-9020
Marcos Stansall,mstansallrr@icio.us,http://dummyimage.com/197x100.png/cc0000/ffffff,814-799-7641
